dateRep,day,month,year,cases,deaths,countriesAndTerritories,geoId,countryterritoryCode,popData2019,continentExp,Cumulative_number_for_14_days_of_COVID-19_cases_per_100000,As of Population,Death Change ,Case change,Measures
09/12/2020,9,12,2020,43,0,Andorra,AD,AND,76177,Europe,1018.680179,0.000564475,#VALUE!,#VALUE!,Social Distancing and Wearing Masks Enforced
08/12/2020,8,12,2020,34,0,Andorra,AD,AND,76177,Europe,1023.931108,0.000446329,0,-9,Social Distancing and Wearing Masks Enforced
07/12/2020,7,12,2020,45,0,Andorra,AD,AND,76177,Europe,1042.309358,0.000590729,0,11,Social Distancing and Wearing Masks Enforced
06/12/2020,6,12,2020,50,1,Andorra,AD,AND,76177,Europe,1047.560287,0.000656366,1,5,Social Distancing and Wearing Masks Enforced
05/12/2020,5,12,2020,51,0,Andorra,AD,AND,76177,Europe,1067.25127,0.000669493,-1,1,Social Distancing and Wearing Masks Enforced
04/12/2020,4,12,2020,62,1,Andorra,AD,AND,76177,Europe,1100.069575,0.000813894,1,11,Social Distancing and Wearing Masks Enforced
03/12/2020,3,12,2020,52,0,Andorra,AD,AND,76177,Europe,1081.691324,0.000682621,-1,-10,Social Distancing and Wearing Masks Enforced
02/12/2020,2,12,2020,45,0,Andorra,AD,AND,76177,Europe,1101.382307,0.000590729,0,-7,Social Distancing and Wearing Masks Enforced
01/12/2020,1,12,2020,33,0,Andorra,AD,AND,76177,Europe,1090.880449,0.000433202,0,-12,Social Distancing and Wearing Masks Enforced
30/11/2020,30,11,2020,42,0,Andorra,AD,AND,76177,Europe,1102.695039,0.000551348,0,9,Social Distancing and Wearing Masks Enforced
29/11/2020,29,11,2020,60,0,Andorra,AD,AND,76177,Europe,1240.531919,0.000787639,0,18,Social Distancing and Wearing Masks Enforced
28/11/2020,28,11,2020,76,0,Andorra,AD,AND,76177,Europe,1161.767988,0.000997676,0,16,Social Distancing and Wearing Masks Enforced
27/11/2020,27,11,2020,106,0,Andorra,AD,AND,76177,Europe,1205.08815,0.001391496,0,30,Social Distancing and Wearing Masks Enforced
26/11/2020,26,11,2020,77,0,Andorra,AD,AND,76177,Europe,1130.262415,0.001010804,0,-29,Social Distancing and Wearing Masks Enforced
25/11/2020,25,11,2020,47,0,Andorra,AD,AND,76177,Europe,1147.327934,0.000616984,0,-30,Social Distancing and Wearing Masks Enforced
24/11/2020,24,11,2020,48,0,Andorra,AD,AND,76177,Europe,1138.138808,0.000630111,0,1,Social Distancing and Wearing Masks Enforced
23/11/2020,23,11,2020,49,0,Andorra,AD,AND,76177,Europe,1146.015201,0.000643239,0,1,Social Distancing and Wearing Masks Enforced
22/11/2020,22,11,2020,65,0,Andorra,AD,AND,76177,Europe,1165.706184,0.000853276,0,16,Social Distancing and Wearing Masks Enforced
21/11/2020,21,11,2020,76,0,Andorra,AD,AND,76177,Europe,1321.921315,0.000997676,0,11,Social Distancing and Wearing Masks Enforced
20/11/2020,20,11,2020,48,0,Andorra,AD,AND,76177,Europe,1222.153668,0.000630111,0,-28,Social Distancing and Wearing Masks Enforced
19/11/2020,19,11,2020,67,0,Andorra,AD,AND,76177,Europe,1277.28842,0.000879531,0,19,Social Distancing and Wearing Masks Enforced
18/11/2020,18,11,2020,37,0,Andorra,AD,AND,76177,Europe,1366.554209,0.000485711,0,-30,Social Distancing and Wearing Masks Enforced
17/11/2020,17,11,2020,42,0,Andorra,AD,AND,76177,Europe,1346.863226,0.000551348,0,5,Social Distancing and Wearing Masks Enforced
16/11/2020,16,11,2020,147,1,Andorra,AD,AND,76177,Europe,1374.430602,0.001929716,1,105,Social Distancing and Wearing Masks Enforced
15/11/2020,15,11,2020,0,0,Andorra,AD,AND,76177,Europe,1272.037492,0,-1,-147,Social Distancing and Wearing Masks Enforced
14/11/2020,14,11,2020,109,0,Andorra,AD,AND,76177,Europe,1391.496121,0.001430878,0,109,Social Distancing and Wearing Masks Enforced
13/11/2020,13,11,2020,49,0,Andorra,AD,AND,76177,Europe,1377.056067,0.000643239,0,-60,Social Distancing and Wearing Masks Enforced
12/11/2020,12,11,2020,90,0,Andorra,AD,AND,76177,Europe,1378.368799,0.001181459,0,41,Social Distancing and Wearing Masks Enforced
11/11/2020,11,11,2020,40,0,Andorra,AD,AND,76177,Europe,1400.685246,0.000525093,0,-50,Social Distancing and Wearing Masks Enforced
10/11/2020,10,11,2020,54,0,Andorra,AD,AND,76177,Europe,1459.758195,0.000708875,0,14,Social Distancing and Wearing Masks Enforced
09/11/2020,9,11,2020,64,0,Andorra,AD,AND,76177,Europe,1765.624795,0.000840149,0,10,Social Distancing and Wearing Masks Enforced
08/11/2020,8,11,2020,184,0,Andorra,AD,AND,76177,Europe,1681.609935,0.002415427,0,120,Social Distancing and Wearing Masks Enforced
07/11/2020,7,11,2020,0,0,Andorra,AD,AND,76177,Europe,1440.067212,0,0,-184,Social Distancing and Wearing Masks Enforced
06/11/2020,6,11,2020,90,0,Andorra,AD,AND,76177,Europe,1738.057419,0.001181459,0,90,Social Distancing and Wearing Masks Enforced
05/11/2020,5,11,2020,135,0,Andorra,AD,AND,76177,Europe,1619.911522,0.001772188,0,45,Social Distancing and Wearing Masks Enforced
04/11/2020,4,11,2020,22,0,Andorra,AD,AND,76177,Europe,1689.486328,0.000288801,0,-113,Social Distancing and Wearing Masks Enforced
03/11/2020,3,11,2020,63,0,Andorra,AD,AND,76177,Europe,1660.60622,0.000827021,0,41,Social Distancing and Wearing Masks Enforced
02/11/2020,2,11,2020,69,0,Andorra,AD,AND,76177,Europe,1900.83621,0.000905785,0,6,Social Distancing and Wearing Masks Enforced
01/11/2020,1,11,2020,91,0,Andorra,AD,AND,76177,Europe,1810.257689,0.001194586,0,22,Social Distancing and Wearing Masks Enforced
31/10/2020,31,10,2020,98,2,Andorra,AD,AND,76177,Europe,1690.79906,0.001286478,2,7,Social Distancing and Wearing Masks Enforced
30/10/2020,30,10,2020,50,1,Andorra,AD,AND,76177,Europe,1807.632225,0.000656366,-1,-48,Social Distancing and Wearing Masks Enforced
29/10/2020,29,10,2020,107,0,Andorra,AD,AND,76177,Europe,1741.995615,0.001404623,-1,57,Social Distancing and Wearing Masks Enforced
28/10/2020,28,10,2020,85,0,Andorra,AD,AND,76177,Europe,1857.516048,0.001115822,0,-22,Social Distancing and Wearing Masks Enforced
27/10/2020,27,10,2020,287,3,Andorra,AD,AND,76177,Europe,1745.933812,0.003767541,3,202,Social Distancing and Wearing Masks Enforced
26/10/2020,26,10,2020,0,0,Andorra,AD,AND,76177,Europe,1761.686598,0,-3,-287,Social Distancing and Wearing Masks Enforced
25/10/2020,25,10,2020,0,0,Andorra,AD,AND,76177,Europe,1761.686598,0,0,0,Social Distancing and Wearing Masks Enforced
24/10/2020,24,10,2020,227,6,Andorra,AD,AND,76177,Europe,1761.686598,0.002979902,6,227,Social Distancing and Wearing Masks Enforced
23/10/2020,23,10,2020,0,0,Andorra,AD,AND,76177,Europe,1631.726112,0,-6,-227,Social Distancing and Wearing Masks Enforced
22/10/2020,22,10,2020,188,1,Andorra,AD,AND,76177,Europe,1631.726112,0.002467937,1,188,Social Distancing and Wearing Masks Enforced
21/10/2020,21,10,2020,0,0,Andorra,AD,AND,76177,Europe,1644.853433,0,-1,-188,Social Distancing and Wearing Masks Enforced
20/10/2020,20,10,2020,246,3,Andorra,AD,AND,76177,Europe,1644.853433,0.003229321,3,246,Social Distancing and Wearing Masks Enforced
19/10/2020,19,10,2020,0,0,Andorra,AD,AND,76177,Europe,1663.231684,0,-3,-246,Social Distancing and Wearing Masks Enforced
18/10/2020,18,10,2020,0,0,Andorra,AD,AND,76177,Europe,1663.231684,0,0,0,Social Distancing and Wearing Masks Enforced
17/10/2020,17,10,2020,187,0,Andorra,AD,AND,76177,Europe,1663.231684,0.002454809,0,187,Social Distancing and Wearing Masks Enforced
16/10/2020,16,10,2020,0,0,Andorra,AD,AND,76177,Europe,1496.514696,0,0,-187,Social Distancing and Wearing Masks Enforced
15/10/2020,15,10,2020,195,2,Andorra,AD,AND,76177,Europe,1496.514696,0.002559828,2,195,Social Distancing and Wearing Masks Enforced
14/10/2020,14,10,2020,0,0,Andorra,AD,AND,76177,Europe,1350.801423,0,-2,-195,Social Distancing and Wearing Masks Enforced
13/10/2020,13,10,2020,299,2,Andorra,AD,AND,76177,Europe,1350.801423,0.003925069,2,299,Social Distancing and Wearing Masks Enforced
12/10/2020,12,10,2020,0,0,Andorra,AD,AND,76177,Europe,1128.949683,0,-2,-299,Social Distancing and Wearing Masks Enforced
11/10/2020,11,10,2020,0,0,Andorra,AD,AND,76177,Europe,1128.949683,0,0,0,Social Distancing and Wearing Masks Enforced
10/10/2020,10,10,2020,128,1,Andorra,AD,AND,76177,Europe,1128.949683,0.001680297,1,128,Social Distancing and Wearing Masks Enforced
09/10/2020,9,10,2020,0,1,Andorra,AD,AND,76177,Europe,1069.876734,0,0,-128,Social Distancing and Wearing Masks Enforced
08/10/2020,8,10,2020,198,0,Andorra,AD,AND,76177,Europe,1069.876734,0.00259921,-1,198,Social Distancing and Wearing Masks Enforced
07/10/2020,7,10,2020,0,0,Andorra,AD,AND,76177,Europe,904.4724786,0,0,-198,Social Distancing and Wearing Masks Enforced
06/10/2020,6,10,2020,260,0,Andorra,AD,AND,76177,Europe,904.4724786,0.003413104,0,260,Social Distancing and Wearing Masks Enforced
05/10/2020,5,10,2020,0,0,Andorra,AD,AND,76177,Europe,716.7517755,0,0,-260,Social Distancing and Wearing Masks Enforced
04/10/2020,4,10,2020,0,0,Andorra,AD,AND,76177,Europe,716.7517755,0,0,0,Social Distancing and Wearing Masks Enforced
03/10/2020,3,10,2020,60,0,Andorra,AD,AND,76177,Europe,716.7517755,0.000787639,0,60,Social Distancing and Wearing Masks Enforced
02/10/2020,2,10,2020,0,0,Andorra,AD,AND,76177,Europe,744.3191515,0,0,-60,Social Distancing and Wearing Masks Enforced
01/10/2020,1,10,2020,84,0,Andorra,AD,AND,76177,Europe,803.3921,0.001102695,0,84,Social Distancing and Wearing Masks Enforced
30/09/2020,30,9,2020,0,0,Andorra,AD,AND,76177,Europe,693.1225961,0,0,-84,Social Distancing and Wearing Masks Enforced
29/09/2020,29,9,2020,130,0,Andorra,AD,AND,76177,Europe,693.1225961,0.001706552,0,130,Social Distancing and Wearing Masks Enforced
28/09/2020,28,9,2020,0,0,Andorra,AD,AND,76177,Europe,645.8642372,0,0,-130,Social Distancing and Wearing Masks Enforced
27/09/2020,27,9,2020,0,0,Andorra,AD,AND,76177,Europe,645.8642372,0,0,0,Social Distancing and Wearing Masks Enforced
26/09/2020,26,9,2020,83,0,Andorra,AD,AND,76177,Europe,645.8642372,0.001089568,0,83,Social Distancing and Wearing Masks Enforced
25/09/2020,25,9,2020,0,0,Andorra,AD,AND,76177,Europe,593.3549497,0,0,-83,Social Distancing and Wearing Masks Enforced
24/09/2020,24,9,2020,72,0,Andorra,AD,AND,76177,Europe,593.3549497,0.000945167,0,72,Social Distancing and Wearing Masks Enforced
23/09/2020,23,9,2020,0,0,Andorra,AD,AND,76177,Europe,551.3475196,0,0,-72,Social Distancing and Wearing Masks Enforced
22/09/2020,22,9,2020,117,0,Andorra,AD,AND,76177,Europe,551.3475196,0.001535897,0,117,Social Distancing and Wearing Masks Enforced
21/09/2020,21,9,2020,0,0,Andorra,AD,AND,76177,Europe,458.1435341,0,0,-117,Social Distancing and Wearing Masks Enforced
20/09/2020,20,9,2020,0,0,Andorra,AD,AND,76177,Europe,458.1435341,0,0,0,Social Distancing and Wearing Masks Enforced
19/09/2020,19,9,2020,81,0,Andorra,AD,AND,76177,Europe,458.1435341,0.001063313,0,81,Social Distancing and Wearing Masks Enforced
18/09/2020,18,9,2020,45,0,Andorra,AD,AND,76177,Europe,372.8159418,0.000590729,0,-36,Social Distancing and Wearing Masks Enforced
17/09/2020,17,9,2020,0,0,Andorra,AD,AND,76177,Europe,313.7429933,0,0,-45,Social Distancing and Wearing Masks Enforced
16/09/2020,16,9,2020,0,0,Andorra,AD,AND,76177,Europe,333.4339761,0,0,0,Social Distancing and Wearing Masks Enforced
15/09/2020,15,9,2020,94,0,Andorra,AD,AND,76177,Europe,343.9358337,0.001233968,0,94,Social Distancing and Wearing Masks Enforced
14/09/2020,14,9,2020,0,0,Andorra,AD,AND,76177,Europe,288.8010817,0,0,-94,Social Distancing and Wearing Masks Enforced
13/09/2020,13,9,2020,0,0,Andorra,AD,AND,76177,Europe,288.8010817,0,0,0,Social Distancing and Wearing Masks Enforced
12/09/2020,12,9,2020,43,0,Andorra,AD,AND,76177,Europe,288.8010817,0.000564475,0,43,Social Distancing and Wearing Masks Enforced
11/09/2020,11,9,2020,0,0,Andorra,AD,AND,76177,Europe,266.4846345,0,0,-43,Social Distancing and Wearing Masks Enforced
10/09/2020,10,9,2020,40,0,Andorra,AD,AND,76177,Europe,266.4846345,0.000525093,0,40,Social Distancing and Wearing Masks Enforced
09/09/2020,9,9,2020,0,0,Andorra,AD,AND,76177,Europe,263.8591701,0,0,-40,Social Distancing and Wearing Masks Enforced
08/09/2020,8,9,2020,46,0,Andorra,AD,AND,76177,Europe,263.8591701,0.000603857,0,46,Social Distancing and Wearing Masks Enforced
07/09/2020,7,9,2020,0,0,Andorra,AD,AND,76177,Europe,223.1644722,0,0,-46,Social Distancing and Wearing Masks Enforced
06/09/2020,6,9,2020,0,0,Andorra,AD,AND,76177,Europe,223.1644722,0,0,0,Social Distancing and Wearing Masks Enforced
05/09/2020,5,9,2020,16,0,Andorra,AD,AND,76177,Europe,223.1644722,0.000210037,0,16,Social Distancing and Wearing Masks Enforced
04/09/2020,4,9,2020,0,0,Andorra,AD,AND,76177,Europe,229.7281332,0,0,-16,Social Distancing and Wearing Masks Enforced
03/09/2020,3,9,2020,15,0,Andorra,AD,AND,76177,Europe,229.7281332,0.00019691,0,15,Social Distancing and Wearing Masks Enforced
02/09/2020,2,9,2020,8,0,Andorra,AD,AND,76177,Europe,234.9790619,0.000105019,0,-7,Social Distancing and Wearing Masks Enforced
01/09/2020,1,9,2020,52,0,Andorra,AD,AND,76177,Europe,224.4772044,0.000682621,0,44,Social Distancing and Wearing Masks Enforced
31/08/2020,31,8,2020,0,0,Andorra,AD,AND,76177,Europe,177.2188456,0,0,-52,Social Distancing and Wearing Masks Enforced
30/08/2020,30,8,2020,0,0,Andorra,AD,AND,76177,Europe,177.2188456,0,0,0,Social Distancing and Wearing Masks Enforced
29/08/2020,29,8,2020,26,0,Andorra,AD,AND,76177,Europe,177.2188456,0.00034131,0,26,Social Distancing and Wearing Masks Enforced
28/08/2020,28,8,2020,0,0,Andorra,AD,AND,76177,Europe,153.5896662,0,0,-26,Social Distancing and Wearing Masks Enforced
27/08/2020,27,8,2020,38,0,Andorra,AD,AND,76177,Europe,158.8405949,0.000498838,0,38,Social Distancing and Wearing Masks Enforced
26/08/2020,26,8,2020,0,0,Andorra,AD,AND,76177,Europe,127.3350224,0,0,-38,Social Distancing and Wearing Masks Enforced
25/08/2020,25,8,2020,15,0,Andorra,AD,AND,76177,Europe,127.3350224,0.00019691,0,15,Social Distancing and Wearing Masks Enforced
24/08/2020,24,8,2020,0,0,Andorra,AD,AND,76177,Europe,116.8331649,0,0,-15,Social Distancing and Wearing Masks Enforced
23/08/2020,23,8,2020,0,0,Andorra,AD,AND,76177,Europe,116.8331649,0,0,0,Social Distancing and Wearing Masks Enforced
22/08/2020,22,8,2020,21,0,Andorra,AD,AND,76177,Europe,118.1458971,0.000275674,0,21,Social Distancing and Wearing Masks Enforced
21/08/2020,21,8,2020,0,0,Andorra,AD,AND,76177,Europe,105.0185752,0,0,-21,Social Distancing and Wearing Masks Enforced
20/08/2020,20,8,2020,19,0,Andorra,AD,AND,76177,Europe,111.5822361,0.000249419,0,19,Social Distancing and Wearing Masks Enforced
19/08/2020,19,8,2020,0,0,Andorra,AD,AND,76177,Europe,86.64032451,0,0,-19,Social Distancing and Wearing Masks Enforced
18/08/2020,18,8,2020,16,0,Andorra,AD,AND,76177,Europe,89.26578889,0.000210037,0,16,Social Distancing and Wearing Masks Enforced
17/08/2020,17,8,2020,0,0,Andorra,AD,AND,76177,Europe,84.01486013,0,0,-16,Social Distancing and Wearing Masks Enforced
16/08/2020,16,8,2020,0,0,Andorra,AD,AND,76177,Europe,84.01486013,0,0,0,Social Distancing and Wearing Masks Enforced
15/08/2020,15,8,2020,8,0,Andorra,AD,AND,76177,Europe,84.01486013,0.000105019,0,8,Social Distancing and Wearing Masks Enforced
14/08/2020,14,8,2020,4,0,Andorra,AD,AND,76177,Europe,77.45119918,5.25093E-05,0,-4,Social Distancing and Wearing Masks Enforced
13/08/2020,13,8,2020,14,1,Andorra,AD,AND,76177,Europe,77.45119918,0.000183783,1,10,Social Distancing and Wearing Masks Enforced
12/08/2020,12,8,2020,0,0,Andorra,AD,AND,76177,Europe,73.51300261,0,-1,-14,Social Distancing and Wearing Masks Enforced
11/08/2020,11,8,2020,7,0,Andorra,AD,AND,76177,Europe,73.51300261,9.18913E-05,0,7,Social Distancing and Wearing Masks Enforced
10/08/2020,10,8,2020,0,0,Andorra,AD,AND,76177,Europe,77.45119918,0,0,-7,Social Distancing and Wearing Masks Enforced
09/08/2020,9,8,2020,1,0,Andorra,AD,AND,76177,Europe,77.45119918,1.31273E-05,0,1,Social Distancing and Wearing Masks Enforced
08/08/2020,8,8,2020,11,0,Andorra,AD,AND,76177,Europe,86.64032451,0.000144401,0,10,Social Distancing and Wearing Masks Enforced
07/08/2020,7,8,2020,5,0,Andorra,AD,AND,76177,Europe,72.20027042,6.56366E-05,0,-6,Social Distancing and Wearing Masks Enforced
06/08/2020,6,8,2020,0,0,Andorra,AD,AND,76177,Europe,65.63660948,0,0,-5,Social Distancing and Wearing Masks Enforced
05/08/2020,5,8,2020,2,0,Andorra,AD,AND,76177,Europe,72.20027042,2.62546E-05,0,2,Social Distancing and Wearing Masks Enforced
04/08/2020,4,8,2020,12,0,Andorra,AD,AND,76177,Europe,69.57480604,0.000157528,0,10,Social Distancing and Wearing Masks Enforced
03/08/2020,3,8,2020,0,0,Andorra,AD,AND,76177,Europe,59.07294853,0,0,-12,Social Distancing and Wearing Masks Enforced
02/08/2020,2,8,2020,0,0,Andorra,AD,AND,76177,Europe,59.07294853,0,0,0,Social Distancing and Wearing Masks Enforced
01/08/2020,1,8,2020,3,0,Andorra,AD,AND,76177,Europe,59.07294853,3.9382E-05,0,3,Social Distancing and Wearing Masks Enforced
31/07/2020,31,7,2020,4,0,Andorra,AD,AND,76177,Europe,59.07294853,5.25093E-05,0,1,Social Distancing and Wearing Masks Enforced
30/07/2020,30,7,2020,11,0,Andorra,AD,AND,76177,Europe,73.51300261,0.000144401,0,7,Social Distancing and Wearing Masks Enforced
29/07/2020,29,7,2020,0,0,Andorra,AD,AND,76177,Europe,60.38568072,0,0,-11,Social Distancing and Wearing Masks Enforced
28/07/2020,28,7,2020,10,0,Andorra,AD,AND,76177,Europe,64.32387729,0.000131273,0,10,Social Distancing and Wearing Masks Enforced
27/07/2020,27,7,2020,0,0,Andorra,AD,AND,76177,Europe,55.13475196,0,0,-10,Social Distancing and Wearing Masks Enforced
26/07/2020,26,7,2020,8,0,Andorra,AD,AND,76177,Europe,55.13475196,0.000105019,0,8,Social Distancing and Wearing Masks Enforced
25/07/2020,25,7,2020,0,0,Andorra,AD,AND,76177,Europe,44.63289444,0,0,-8,Social Distancing and Wearing Masks Enforced
24/07/2020,24,7,2020,0,0,Andorra,AD,AND,76177,Europe,44.63289444,0,0,0,Social Distancing and Wearing Masks Enforced
23/07/2020,23,7,2020,5,0,Andorra,AD,AND,76177,Europe,44.63289444,6.56366E-05,0,5,Social Distancing and Wearing Masks Enforced
22/07/2020,22,7,2020,0,0,Andorra,AD,AND,76177,Europe,38.0692335,0,0,-5,Social Distancing and Wearing Masks Enforced
21/07/2020,21,7,2020,4,0,Andorra,AD,AND,76177,Europe,38.0692335,5.25093E-05,0,4,Social Distancing and Wearing Masks Enforced
20/07/2020,20,7,2020,0,0,Andorra,AD,AND,76177,Europe,32.81830474,0,0,-4,Social Distancing and Wearing Masks Enforced
19/07/2020,19,7,2020,0,0,Andorra,AD,AND,76177,Europe,32.81830474,0,0,0,Social Distancing and Wearing Masks Enforced
18/07/2020,18,7,2020,3,0,Andorra,AD,AND,76177,Europe,32.81830474,3.9382E-05,0,3,Social Distancing and Wearing Masks Enforced
17/07/2020,17,7,2020,15,0,Andorra,AD,AND,76177,Europe,28.88010817,0.00019691,0,12,Social Distancing and Wearing Masks Enforced
16/07/2020,16,7,2020,1,0,Andorra,AD,AND,76177,Europe,9.18912533,1.31273E-05,0,-14,Social Distancing and Wearing Masks Enforced
15/07/2020,15,7,2020,3,0,Andorra,AD,AND,76177,Europe,7.87639314,3.9382E-05,0,2,Social Distancing and Wearing Masks Enforced
14/07/2020,14,7,2020,3,0,Andorra,AD,AND,76177,Europe,3.93819657,3.9382E-05,0,0,Social Distancing and Wearing Masks Enforced
13/07/2020,13,7,2020,0,0,Andorra,AD,AND,76177,Europe,0,0,0,-3,Social Distancing and Wearing Masks Enforced
12/07/2020,12,7,2020,0,0,Andorra,AD,AND,76177,Europe,0,0,0,0,Social Distancing and Wearing Masks Enforced
11/07/2020,11,7,2020,0,0,Andorra,AD,AND,76177,Europe,0,0,0,0,Social Distancing and Wearing Masks Enforced
10/07/2020,10,7,2020,0,0,Andorra,AD,AND,76177,Europe,0,0,0,0,Social Distancing and Wearing Masks Enforced
09/07/2020,9,7,2020,0,0,Andorra,AD,AND,76177,Europe,0,0,0,0,Social Distancing and Wearing Masks Enforced
08/07/2020,8,7,2020,0,0,Andorra,AD,AND,76177,Europe,0,0,0,0,Social Distancing and Wearing Masks Enforced
07/07/2020,7,7,2020,0,0,Andorra,AD,AND,76177,Europe,0,0,0,0,Social Distancing and Wearing Masks Enforced
06/07/2020,6,7,2020,0,0,Andorra,AD,AND,76177,Europe,0,0,0,0,Social Distancing and Wearing Masks Enforced
05/07/2020,5,7,2020,0,0,Andorra,AD,AND,76177,Europe,0,0,0,0,Social Distancing and Wearing Masks Enforced
04/07/2020,4,7,2020,0,0,Andorra,AD,AND,76177,Europe,0,0,0,0,Social Distancing and Wearing Masks Enforced
03/07/2020,3,7,2020,0,0,Andorra,AD,AND,76177,Europe,0,0,0,0,Social Distancing and Wearing Masks Enforced
02/07/2020,2,7,2020,0,0,Andorra,AD,AND,76177,Europe,1.31273219,0,0,0,Social Distancing and Wearing Masks Enforced
01/07/2020,1,7,2020,0,0,Andorra,AD,AND,76177,Europe,1.31273219,0,0,0,Social Distancing and Wearing Masks Enforced
30/06/2020,30,6,2020,0,0,Andorra,AD,AND,76177,Europe,2.62546438,0,0,0,Social Distancing and Wearing Masks Enforced
29/06/2020,29,6,2020,0,0,Andorra,AD,AND,76177,Europe,2.62546438,0,0,0,Social Distancing and Wearing Masks Enforced
28/06/2020,28,6,2020,0,0,Andorra,AD,AND,76177,Europe,2.62546438,0,0,0,Social Distancing and Wearing Masks Enforced
27/06/2020,27,6,2020,0,0,Andorra,AD,AND,76177,Europe,2.62546438,0,0,0,Social Distancing and Wearing Masks Enforced
26/06/2020,26,6,2020,0,0,Andorra,AD,AND,76177,Europe,3.93819657,0,0,0,Social Distancing and Wearing Masks Enforced
25/06/2020,25,6,2020,0,0,Andorra,AD,AND,76177,Europe,3.93819657,0,0,0,Social Distancing and Wearing Masks Enforced
24/06/2020,24,6,2020,0,0,Andorra,AD,AND,76177,Europe,3.93819657,0,0,0,Social Distancing and Wearing Masks Enforced
23/06/2020,23,6,2020,0,0,Andorra,AD,AND,76177,Europe,3.93819657,0,0,0,Social Distancing and Wearing Masks Enforced
22/06/2020,22,6,2020,0,0,Andorra,AD,AND,76177,Europe,3.93819657,0,0,0,Social Distancing and Wearing Masks Enforced
21/06/2020,21,6,2020,0,0,Andorra,AD,AND,76177,Europe,3.93819657,0,0,0,Social Distancing and Wearing Masks Enforced
20/06/2020,20,6,2020,0,0,Andorra,AD,AND,76177,Europe,3.93819657,0,0,0,Social Distancing and Wearing Masks Enforced
19/06/2020,19,6,2020,1,0,Andorra,AD,AND,76177,Europe,3.93819657,1.31273E-05,0,1,Social Distancing and Wearing Masks Enforced
18/06/2020,18,6,2020,0,0,Andorra,AD,AND,76177,Europe,3.93819657,0,0,-1,Social Distancing and Wearing Masks Enforced
17/06/2020,17,6,2020,1,1,Andorra,AD,AND,76177,Europe,13.1273219,1.31273E-05,1,1,Social Distancing and Wearing Masks Enforced
16/06/2020,16,6,2020,0,0,Andorra,AD,AND,76177,Europe,115.5204327,0,-1,-1,Social Distancing and Wearing Masks Enforced
15/06/2020,15,6,2020,0,0,Andorra,AD,AND,76177,Europe,116.8331649,0,0,0,Social Distancing and Wearing Masks Enforced
14/06/2020,14,6,2020,0,0,Andorra,AD,AND,76177,Europe,116.8331649,0,0,0,Social Distancing and Wearing Masks Enforced
13/06/2020,13,6,2020,1,0,Andorra,AD,AND,76177,Europe,116.8331649,1.31273E-05,0,1,Social Distancing and Wearing Masks Enforced
12/06/2020,12,6,2020,0,0,Andorra,AD,AND,76177,Europe,116.8331649,0,0,-1,Social Distancing and Wearing Masks Enforced
11/06/2020,11,6,2020,0,0,Andorra,AD,AND,76177,Europe,116.8331649,0,0,0,Social Distancing and Wearing Masks Enforced
10/06/2020,10,6,2020,0,0,Andorra,AD,AND,76177,Europe,116.8331649,0,0,0,Social Distancing and Wearing Masks Enforced
09/06/2020,9,6,2020,0,0,Andorra,AD,AND,76177,Europe,116.8331649,0,0,0,Social Distancing and Wearing Masks Enforced
08/06/2020,8,6,2020,0,0,Andorra,AD,AND,76177,Europe,116.8331649,0,0,0,Social Distancing and Wearing Masks Enforced
07/06/2020,7,6,2020,0,0,Andorra,AD,AND,76177,Europe,118.1458971,0,0,0,Social Distancing and Wearing Masks Enforced
06/06/2020,6,6,2020,0,0,Andorra,AD,AND,76177,Europe,118.1458971,0,0,0,Social Distancing and Wearing Masks Enforced
05/06/2020,5,6,2020,1,0,Andorra,AD,AND,76177,Europe,118.1458971,1.31273E-05,0,1,Social Distancing and Wearing Masks Enforced
04/06/2020,4,6,2020,7,0,Andorra,AD,AND,76177,Europe,116.8331649,9.18913E-05,0,6,Social Distancing and Wearing Masks Enforced
03/06/2020,3,6,2020,79,0,Andorra,AD,AND,76177,Europe,108.9567717,0.001037058,0,72,Social Distancing and Wearing Masks Enforced
02/06/2020,2,6,2020,1,0,Andorra,AD,AND,76177,Europe,5.25092876,1.31273E-05,0,-78,Social Distancing and Wearing Masks Enforced
01/06/2020,1,6,2020,0,0,Andorra,AD,AND,76177,Europe,3.93819657,0,0,-1,Social Distancing and Wearing Masks Enforced
31/05/2020,31,5,2020,0,0,Andorra,AD,AND,76177,Europe,3.93819657,0,0,0,Social Distancing and Wearing Masks Enforced
30/05/2020,30,5,2020,1,0,Andorra,AD,AND,76177,Europe,3.93819657,1.31273E-05,0,1,Social Distancing and Wearing Masks Enforced
29/05/2020,29,5,2020,0,0,Andorra,AD,AND,76177,Europe,2.62546438,0,0,-1,Social Distancing and Wearing Masks Enforced
28/05/2020,28,5,2020,0,0,Andorra,AD,AND,76177,Europe,3.93819657,0,0,0,Social Distancing and Wearing Masks Enforced
27/05/2020,27,5,2020,0,0,Andorra,AD,AND,76177,Europe,6.56366095,0,0,0,Social Distancing and Wearing Masks Enforced
26/05/2020,26,5,2020,0,0,Andorra,AD,AND,76177,Europe,9.18912533,0,0,0,Social Distancing and Wearing Masks Enforced
25/05/2020,25,5,2020,1,0,Andorra,AD,AND,76177,Europe,10.50185752,1.31273E-05,0,1,Social Distancing and Wearing Masks Enforced
24/05/2020,24,5,2020,0,0,Andorra,AD,AND,76177,Europe,10.50185752,0,0,-1,Social Distancing and Wearing Masks Enforced
23/05/2020,23,5,2020,0,0,Andorra,AD,AND,76177,Europe,13.1273219,0,0,0,Social Distancing and Wearing Masks Enforced
22/05/2020,22,5,2020,0,0,Andorra,AD,AND,76177,Europe,13.1273219,0,0,0,Social Distancing and Wearing Masks Enforced
21/05/2020,21,5,2020,1,0,Andorra,AD,AND,76177,Europe,14.44005408,1.31273E-05,0,1,Social Distancing and Wearing Masks Enforced
20/05/2020,20,5,2020,0,0,Andorra,AD,AND,76177,Europe,13.1273219,0,0,-1,Social Distancing and Wearing Masks Enforced
19/05/2020,19,5,2020,0,0,Andorra,AD,AND,76177,Europe,14.44005408,0,0,0,Social Distancing and Wearing Masks Enforced
18/05/2020,18,5,2020,0,0,Andorra,AD,AND,76177,Europe,17.06551846,0,0,0,Social Distancing and Wearing Masks Enforced
17/05/2020,17,5,2020,0,2,Andorra,AD,AND,76177,Europe,18.37825065,0,2,0,Social Distancing and Wearing Masks Enforced
16/05/2020,16,5,2020,0,0,Andorra,AD,AND,76177,Europe,19.69098284,0,-2,0,Social Distancing and Wearing Masks Enforced
15/05/2020,15,5,2020,1,0,Andorra,AD,AND,76177,Europe,21.00371503,1.31273E-05,0,1,Social Distancing and Wearing Masks Enforced
14/05/2020,14,5,2020,2,1,Andorra,AD,AND,76177,Europe,22.31644722,2.62546E-05,1,1,Social Distancing and Wearing Masks Enforced
13/05/2020,13,5,2020,2,0,Andorra,AD,AND,76177,Europe,19.69098284,2.62546E-05,-1,0,Social Distancing and Wearing Masks Enforced
12/05/2020,12,5,2020,1,0,Andorra,AD,AND,76177,Europe,17.06551846,1.31273E-05,0,-1,Social Distancing and Wearing Masks Enforced
11/05/2020,11,5,2020,1,0,Andorra,AD,AND,76177,Europe,19.69098284,1.31273E-05,0,0,Social Distancing and Wearing Masks Enforced
10/05/2020,10,5,2020,2,1,Andorra,AD,AND,76177,Europe,27.56737598,2.62546E-05,1,1,Social Distancing and Wearing Masks Enforced
09/05/2020,9,5,2020,0,0,Andorra,AD,AND,76177,Europe,27.56737598,0,-1,-2,Social Distancing and Wearing Masks Enforced
08/05/2020,8,5,2020,1,1,Andorra,AD,AND,76177,Europe,36.75650131,1.31273E-05,1,1,Social Distancing and Wearing Masks Enforced
07/05/2020,7,5,2020,0,0,Andorra,AD,AND,76177,Europe,36.75650131,0,-1,-1,Social Distancing and Wearing Masks Enforced
06/05/2020,6,5,2020,1,1,Andorra,AD,AND,76177,Europe,44.63289444,1.31273E-05,1,1,Social Distancing and Wearing Masks Enforced
05/05/2020,5,5,2020,2,0,Andorra,AD,AND,76177,Europe,43.32016225,2.62546E-05,-1,1,Social Distancing and Wearing Masks Enforced
04/05/2020,4,5,2020,1,1,Andorra,AD,AND,76177,Europe,45.94562663,1.31273E-05,1,-1,Social Distancing and Wearing Masks Enforced
03/05/2020,3,5,2020,1,1,Andorra,AD,AND,76177,Europe,56.44748415,1.31273E-05,0,0,Social Distancing and Wearing Masks Enforced
02/05/2020,2,5,2020,1,1,Andorra,AD,AND,76177,Europe,65.63660948,1.31273E-05,0,0,Social Distancing and Wearing Masks Enforced
01/05/2020,1,5,2020,2,0,Andorra,AD,AND,76177,Europe,82.70212794,2.62546E-05,-1,1,Social Distancing and Wearing Masks Enforced
30/04/2020,30,4,2020,0,1,Andorra,AD,AND,76177,Europe,91.89125327,0,1,-2,Social Distancing and Wearing Masks Enforced
29/04/2020,29,4,2020,0,1,Andorra,AD,AND,76177,Europe,110.2695039,0,0,0,Social Distancing and Wearing Masks Enforced
28/04/2020,28,4,2020,3,0,Andorra,AD,AND,76177,Europe,127.3350224,3.9382E-05,-1,3,Social Distancing and Wearing Masks Enforced
27/04/2020,27,4,2020,7,0,Andorra,AD,AND,76177,Europe,133.8986833,9.18913E-05,0,4,Social Distancing and Wearing Masks Enforced
26/04/2020,26,4,2020,2,0,Andorra,AD,AND,76177,Europe,145.713273,2.62546E-05,0,-5,Social Distancing and Wearing Masks Enforced
25/04/2020,25,4,2020,7,3,Andorra,AD,AND,76177,Europe,170.6551846,9.18913E-05,3,5,Social Distancing and Wearing Masks Enforced
24/04/2020,24,4,2020,1,0,Andorra,AD,AND,76177,Europe,185.0952387,1.31273E-05,-3,-6,Social Distancing and Wearing Masks Enforced
23/04/2020,23,4,2020,6,0,Andorra,AD,AND,76177,Europe,208.7244181,7.87639E-05,0,5,Social Distancing and Wearing Masks Enforced
22/04/2020,22,4,2020,0,1,Andorra,AD,AND,76177,Europe,225.7899366,0,1,-6,Social Distancing and Wearing Masks Enforced
21/04/2020,21,4,2020,4,0,Andorra,AD,AND,76177,Europe,250.7318482,5.25093E-05,-1,4,Social Distancing and Wearing Masks Enforced
20/04/2020,20,4,2020,9,1,Andorra,AD,AND,76177,Europe,278.2992242,0.000118146,1,5,Social Distancing and Wearing Masks Enforced
19/04/2020,19,4,2020,8,0,Andorra,AD,AND,76177,Europe,312.4302611,0.000105019,-1,-1,Social Distancing and Wearing Masks Enforced
18/04/2020,18,4,2020,14,2,Andorra,AD,AND,76177,Europe,337.3721727,0.000183783,2,6,Social Distancing and Wearing Masks Enforced
17/04/2020,17,4,2020,9,0,Andorra,AD,AND,76177,Europe,333.4339761,0.000118146,-2,-5,Social Distancing and Wearing Masks Enforced
16/04/2020,16,4,2020,14,2,Andorra,AD,AND,76177,Europe,371.5032096,0.000183783,2,5,Social Distancing and Wearing Masks Enforced
15/04/2020,15,4,2020,13,2,Andorra,AD,AND,76177,Europe,371.5032096,0.000170655,0,-1,Social Distancing and Wearing Masks Enforced
14/04/2020,14,4,2020,8,0,Andorra,AD,AND,76177,Europe,362.3140843,0.000105019,-2,-5,Social Distancing and Wearing Masks Enforced
13/04/2020,13,4,2020,16,1,Andorra,AD,AND,76177,Europe,399.0705856,0.000210037,1,8,Social Distancing and Wearing Masks Enforced
12/04/2020,12,4,2020,21,2,Andorra,AD,AND,76177,Europe,412.1979075,0.000275674,1,5,Social Distancing and Wearing Masks Enforced
11/04/2020,11,4,2020,18,1,Andorra,AD,AND,76177,Europe,438.4525513,0.000236292,-1,-3,Social Distancing and Wearing Masks Enforced
10/04/2020,10,4,2020,19,2,Andorra,AD,AND,76177,Europe,471.270856,0.000249419,1,1,Social Distancing and Wearing Masks Enforced
09/04/2020,9,4,2020,19,1,Andorra,AD,AND,76177,Europe,493.5873033,0.000249419,-1,0,Social Distancing and Wearing Masks Enforced
08/04/2020,8,4,2020,19,1,Andorra,AD,AND,76177,Europe,500.1509642,0.000249419,0,0,Social Distancing and Wearing Masks Enforced
07/04/2020,7,4,2020,25,3,Andorra,AD,AND,76177,Europe,515.9037505,0.000328183,2,6,Social Distancing and Wearing Masks Enforced
06/04/2020,6,4,2020,35,1,Andorra,AD,AND,76177,Europe,509.3400895,0.000459456,-2,10,Social Distancing and Wearing Masks Enforced
05/04/2020,5,4,2020,27,1,Andorra,AD,AND,76177,Europe,496.2127676,0.000354438,0,-8,Social Distancing and Wearing Masks Enforced
04/04/2020,4,4,2020,11,1,Andorra,AD,AND,76177,Europe,477.834517,0.000144401,0,-16,Social Distancing and Wearing Masks Enforced
03/04/2020,3,4,2020,38,1,Andorra,AD,AND,76177,Europe,463.3944629,0.000498838,0,27,Social Distancing and Wearing Masks Enforced
02/04/2020,2,4,2020,14,2,Andorra,AD,AND,76177,Europe,442.3907479,0.000183783,1,-24,Social Distancing and Wearing Masks Enforced
01/04/2020,1,4,2020,6,4,Andorra,AD,AND,76177,Europe,475.2090526,7.87639E-05,2,-8,Social Distancing and Wearing Masks Enforced
31/03/2020,31,3,2020,36,2,Andorra,AD,AND,76177,Europe,467.3326595,0.000472584,-2,30,Social Distancing and Wearing Masks Enforced
30/03/2020,30,3,2020,26,2,Andorra,AD,AND,76177,Europe,431.8888904,0.00034131,0,-10,Social Distancing and Wearing Masks Enforced
29/03/2020,29,3,2020,41,1,Andorra,AD,AND,76177,Europe,401.69605,0.00053822,-1,15,Social Distancing and Wearing Masks Enforced
28/03/2020,28,3,2020,43,0,Andorra,AD,AND,76177,Europe,349.1867624,0.000564475,-1,2,Social Distancing and Wearing Masks Enforced
27/03/2020,27,3,2020,36,3,Andorra,AD,AND,76177,Europe,294.0520105,0.000472584,3,-7,Social Distancing and Wearing Masks Enforced
26/03/2020,26,3,2020,24,0,Andorra,AD,AND,76177,Europe,,0.000315056,-3,-12,Social Distancing and Wearing Masks Enforced
25/03/2020,25,3,2020,31,0,Andorra,AD,AND,76177,Europe,,0.000406947,0,7,Social Distancing and Wearing Masks Enforced
24/03/2020,24,3,2020,20,0,Andorra,AD,AND,76177,Europe,,0.000262546,0,-11,Social Distancing and Wearing Masks Enforced
23/03/2020,23,3,2020,25,0,Andorra,AD,AND,76177,Europe,,0.000328183,0,5,Social Distancing and Wearing Masks Enforced
22/03/2020,22,3,2020,13,0,Andorra,AD,AND,76177,Europe,,0.000170655,0,-12,Social Distancing and Wearing Masks Enforced
21/03/2020,21,3,2020,0,0,Andorra,AD,AND,76177,Europe,,0,0,-13,Social Distancing and Wearing Masks Enforced
20/03/2020,20,3,2020,22,0,Andorra,AD,AND,76177,Europe,,0.000288801,0,22,Social Distancing and Wearing Masks Enforced
19/03/2020,19,3,2020,39,0,Andorra,AD,AND,76177,Europe,,0.000511966,0,17,Social Distancing and Wearing Masks Enforced
18/03/2020,18,3,2020,0,0,Andorra,AD,AND,76177,Europe,,0,0,-39,Social Distancing and Wearing Masks Enforced
17/03/2020,17,3,2020,9,0,Andorra,AD,AND,76177,Europe,,0.000118146,0,9,Social Distancing and Wearing Masks Enforced
16/03/2020,16,3,2020,3,0,Andorra,AD,AND,76177,Europe,,3.9382E-05,0,-6,Social Distancing and Wearing Masks Enforced
14/03/2020,14,3,2020,1,0,Andorra,AD,AND,76177,Europe,,1.31273E-05,0,-2,Social Distancing and Wearing Masks Enforced
03/03/2020,3,3,2020,1,0,Andorra,AD,AND,76177,Europe,,1.31273E-05,0,0,Social Distancing and Wearing Masks Enforced
