dateRep,day,month,year,cases,deaths,countriesAndTerritories,geoId,countryterritoryCode,popData2019,continentExp,Cumulative_number_for_14_days_of_COVID-19_cases_per_100000,As of Population,Change case,Change death,Measures
09/12/2020,9,12,2020,3,0,New_Zealand,NZ,NZL,4783062,Oceania,1.02444836,6.27213E-07,#VALUE!,#VALUE!,Social Distancing and Wearing Masks Enforced
08/12/2020,8,12,2020,6,0,New_Zealand,NZ,NZL,4783062,Oceania,1.1289839,1.25443E-06,3,0,Social Distancing and Wearing Masks Enforced
07/12/2020,7,12,2020,1,0,New_Zealand,NZ,NZL,4783062,Oceania,1.02444836,2.09071E-07,-5,0,Social Distancing and Wearing Masks Enforced
06/12/2020,6,12,2020,0,0,New_Zealand,NZ,NZL,4783062,Oceania,1.04535546,0,-1,0,Social Distancing and Wearing Masks Enforced
05/12/2020,5,12,2020,9,0,New_Zealand,NZ,NZL,4783062,Oceania,1.23351945,1.88164E-06,9,0,Social Distancing and Wearing Masks Enforced
04/12/2020,4,12,2020,0,0,New_Zealand,NZ,NZL,4783062,Oceania,1.17079812,0,-9,0,Social Distancing and Wearing Masks Enforced
03/12/2020,3,12,2020,9,0,New_Zealand,NZ,NZL,4783062,Oceania,1.23351945,1.88164E-06,9,0,Social Distancing and Wearing Masks Enforced
02/12/2020,2,12,2020,1,0,New_Zealand,NZ,NZL,4783062,Oceania,1.08716968,2.09071E-07,-8,0,Social Distancing and Wearing Masks Enforced
01/12/2020,1,12,2020,3,0,New_Zealand,NZ,NZL,4783062,Oceania,1.1289839,6.27213E-07,2,0,Social Distancing and Wearing Masks Enforced
30/11/2020,30,11,2020,6,0,New_Zealand,NZ,NZL,4783062,Oceania,1.14989101,1.25443E-06,3,0,Social Distancing and Wearing Masks Enforced
29/11/2020,29,11,2020,0,0,New_Zealand,NZ,NZL,4783062,Oceania,1.02444836,0,-6,0,Social Distancing and Wearing Masks Enforced
28/11/2020,28,11,2020,3,0,New_Zealand,NZ,NZL,4783062,Oceania,1.08716968,6.27213E-07,3,0,Social Distancing and Wearing Masks Enforced
27/11/2020,27,11,2020,7,0,New_Zealand,NZ,NZL,4783062,Oceania,1.08716968,1.4635E-06,4,0,Social Distancing and Wearing Masks Enforced
26/11/2020,26,11,2020,1,0,New_Zealand,NZ,NZL,4783062,Oceania,1.02444836,2.09071E-07,-6,0,Social Distancing and Wearing Masks Enforced
25/11/2020,25,11,2020,8,0,New_Zealand,NZ,NZL,4783062,Oceania,1.06626257,1.67257E-06,7,0,Social Distancing and Wearing Masks Enforced
24/11/2020,24,11,2020,1,0,New_Zealand,NZ,NZL,4783062,Oceania,0.91991281,2.09071E-07,-7,0,Social Distancing and Wearing Masks Enforced
23/11/2020,23,11,2020,2,0,New_Zealand,NZ,NZL,4783062,Oceania,0.91991281,4.18142E-07,1,0,Social Distancing and Wearing Masks Enforced
22/11/2020,22,11,2020,9,0,New_Zealand,NZ,NZL,4783062,Oceania,0.96172703,1.88164E-06,7,0,Social Distancing and Wearing Masks Enforced
21/11/2020,21,11,2020,6,0,New_Zealand,NZ,NZL,4783062,Oceania,0.8990057,1.25443E-06,-3,0,Social Distancing and Wearing Masks Enforced
20/11/2020,20,11,2020,3,0,New_Zealand,NZ,NZL,4783062,Oceania,0.81537726,6.27213E-07,-3,0,Social Distancing and Wearing Masks Enforced
19/11/2020,19,11,2020,2,0,New_Zealand,NZ,NZL,4783062,Oceania,0.77356304,4.18142E-07,-1,0,Social Distancing and Wearing Masks Enforced
18/11/2020,18,11,2020,3,0,New_Zealand,NZ,NZL,4783062,Oceania,0.77356304,6.27213E-07,1,0,Social Distancing and Wearing Masks Enforced
17/11/2020,17,11,2020,4,0,New_Zealand,NZ,NZL,4783062,Oceania,0.77356304,8.36284E-07,1,0,Social Distancing and Wearing Masks Enforced
16/11/2020,16,11,2020,0,0,New_Zealand,NZ,NZL,4783062,Oceania,0.79447015,0,-4,0,Social Distancing and Wearing Masks Enforced
15/11/2020,15,11,2020,3,0,New_Zealand,NZ,NZL,4783062,Oceania,0.87809859,6.27213E-07,3,0,Social Distancing and Wearing Masks Enforced
14/11/2020,14,11,2020,3,0,New_Zealand,NZ,NZL,4783062,Oceania,0.85719148,6.27213E-07,0,0,Social Distancing and Wearing Masks Enforced
13/11/2020,13,11,2020,4,0,New_Zealand,NZ,NZL,4783062,Oceania,0.94081992,8.36284E-07,1,0,Social Distancing and Wearing Masks Enforced
12/11/2020,12,11,2020,3,0,New_Zealand,NZ,NZL,4783062,Oceania,0.87809859,6.27213E-07,-1,0,Social Distancing and Wearing Masks Enforced
11/11/2020,11,11,2020,1,0,New_Zealand,NZ,NZL,4783062,Oceania,0.94081992,2.09071E-07,-2,0,Social Distancing and Wearing Masks Enforced
10/11/2020,10,11,2020,1,0,New_Zealand,NZ,NZL,4783062,Oceania,0.96172703,2.09071E-07,0,0,Social Distancing and Wearing Masks Enforced
09/11/2020,9,11,2020,4,0,New_Zealand,NZ,NZL,4783062,Oceania,0.96172703,8.36284E-07,3,0,Social Distancing and Wearing Masks Enforced
08/11/2020,8,11,2020,6,0,New_Zealand,NZ,NZL,4783062,Oceania,0.98263414,1.25443E-06,2,0,Social Distancing and Wearing Masks Enforced
07/11/2020,7,11,2020,2,0,New_Zealand,NZ,NZL,4783062,Oceania,0.87809859,4.18142E-07,-4,0,Social Distancing and Wearing Masks Enforced
06/11/2020,6,11,2020,1,0,New_Zealand,NZ,NZL,4783062,Oceania,1.06626257,2.09071E-07,-1,0,Social Distancing and Wearing Masks Enforced
05/11/2020,5,11,2020,2,0,New_Zealand,NZ,NZL,4783062,Oceania,1.23351945,4.18142E-07,1,0,Social Distancing and Wearing Masks Enforced
04/11/2020,4,11,2020,3,0,New_Zealand,NZ,NZL,4783062,Oceania,1.23351945,6.27213E-07,1,0,Social Distancing and Wearing Masks Enforced
03/11/2020,3,11,2020,5,0,New_Zealand,NZ,NZL,4783062,Oceania,1.69347585,1.04536E-06,2,0,Social Distancing and Wearing Masks Enforced
02/11/2020,2,11,2020,4,0,New_Zealand,NZ,NZL,4783062,Oceania,1.60984742,8.36284E-07,-1,0,Social Distancing and Wearing Masks Enforced
01/11/2020,1,11,2020,2,0,New_Zealand,NZ,NZL,4783062,Oceania,1.52621898,4.18142E-07,-2,0,Social Distancing and Wearing Masks Enforced
31/10/2020,31,10,2020,7,0,New_Zealand,NZ,NZL,4783062,Oceania,1.54712609,1.4635E-06,5,0,Social Distancing and Wearing Masks Enforced
30/10/2020,30,10,2020,1,0,New_Zealand,NZ,NZL,4783062,Oceania,1.46349765,2.09071E-07,-6,0,Social Distancing and Wearing Masks Enforced
29/10/2020,29,10,2020,6,0,New_Zealand,NZ,NZL,4783062,Oceania,1.52621898,1.25443E-06,5,0,Social Distancing and Wearing Masks Enforced
28/10/2020,28,10,2020,2,0,New_Zealand,NZ,NZL,4783062,Oceania,1.44259054,4.18142E-07,-4,0,Social Distancing and Wearing Masks Enforced
27/10/2020,27,10,2020,1,0,New_Zealand,NZ,NZL,4783062,Oceania,1.44259054,2.09071E-07,-1,0,Social Distancing and Wearing Masks Enforced
26/10/2020,26,10,2020,5,0,New_Zealand,NZ,NZL,4783062,Oceania,1.44259054,1.04536E-06,4,0,Social Distancing and Wearing Masks Enforced
25/10/2020,25,10,2020,1,0,New_Zealand,NZ,NZL,4783062,Oceania,1.33805499,2.09071E-07,-4,0,Social Distancing and Wearing Masks Enforced
24/10/2020,24,10,2020,11,0,New_Zealand,NZ,NZL,4783062,Oceania,1.33805499,2.29978E-06,10,0,Social Distancing and Wearing Masks Enforced
23/10/2020,23,10,2020,9,0,New_Zealand,NZ,NZL,4783062,Oceania,1.19170523,1.88164E-06,-2,0,Social Distancing and Wearing Masks Enforced
22/10/2020,22,10,2020,2,0,New_Zealand,NZ,NZL,4783062,Oceania,1.04535546,4.18142E-07,-7,0,Social Distancing and Wearing Masks Enforced
21/10/2020,21,10,2020,25,0,New_Zealand,NZ,NZL,4783062,Oceania,1.06626257,5.22678E-06,23,0,Social Distancing and Wearing Masks Enforced
20/10/2020,20,10,2020,1,0,New_Zealand,NZ,NZL,4783062,Oceania,0.60630617,2.09071E-07,-24,0,Social Distancing and Wearing Masks Enforced
19/10/2020,19,10,2020,0,0,New_Zealand,NZ,NZL,4783062,Oceania,0.64812039,0,-1,0,Social Distancing and Wearing Masks Enforced
18/10/2020,18,10,2020,3,0,New_Zealand,NZ,NZL,4783062,Oceania,0.6690275,6.27213E-07,3,0,Social Distancing and Wearing Masks Enforced
17/10/2020,17,10,2020,3,0,New_Zealand,NZ,NZL,4783062,Oceania,0.71084172,6.27213E-07,0,0,Social Distancing and Wearing Masks Enforced
16/10/2020,16,10,2020,4,0,New_Zealand,NZ,NZL,4783062,Oceania,0.6690275,8.36284E-07,1,0,Social Distancing and Wearing Masks Enforced
15/10/2020,15,10,2020,2,0,New_Zealand,NZ,NZL,4783062,Oceania,0.83628437,4.18142E-07,-2,0,Social Distancing and Wearing Masks Enforced
14/10/2020,14,10,2020,2,0,New_Zealand,NZ,NZL,4783062,Oceania,0.79447015,4.18142E-07,0,0,Social Distancing and Wearing Masks Enforced
13/10/2020,13,10,2020,1,0,New_Zealand,NZ,NZL,4783062,Oceania,0.77356304,2.09071E-07,-1,0,Social Distancing and Wearing Masks Enforced
12/10/2020,12,10,2020,0,0,New_Zealand,NZ,NZL,4783062,Oceania,0.79447015,0,-1,0,Social Distancing and Wearing Masks Enforced
11/10/2020,11,10,2020,1,0,New_Zealand,NZ,NZL,4783062,Oceania,0.79447015,2.09071E-07,1,0,Social Distancing and Wearing Masks Enforced
10/10/2020,10,10,2020,4,0,New_Zealand,NZ,NZL,4783062,Oceania,0.81537726,8.36284E-07,3,0,Social Distancing and Wearing Masks Enforced
09/10/2020,9,10,2020,2,0,New_Zealand,NZ,NZL,4783062,Oceania,0.77356304,4.18142E-07,-2,0,Social Distancing and Wearing Masks Enforced
08/10/2020,8,10,2020,3,0,New_Zealand,NZ,NZL,4783062,Oceania,0.77356304,6.27213E-07,1,0,Social Distancing and Wearing Masks Enforced
07/10/2020,7,10,2020,3,0,New_Zealand,NZ,NZL,4783062,Oceania,0.77356304,6.27213E-07,0,0,Social Distancing and Wearing Masks Enforced
06/10/2020,6,10,2020,3,0,New_Zealand,NZ,NZL,4783062,Oceania,0.79447015,6.27213E-07,0,0,Social Distancing and Wearing Masks Enforced
05/10/2020,5,10,2020,1,0,New_Zealand,NZ,NZL,4783062,Oceania,0.73174883,2.09071E-07,-2,0,Social Distancing and Wearing Masks Enforced
04/10/2020,4,10,2020,5,0,New_Zealand,NZ,NZL,4783062,Oceania,0.71084172,1.04536E-06,4,0,Social Distancing and Wearing Masks Enforced
03/10/2020,3,10,2020,1,0,New_Zealand,NZ,NZL,4783062,Oceania,0.68993461,2.09071E-07,-4,0,Social Distancing and Wearing Masks Enforced
02/10/2020,2,10,2020,12,0,New_Zealand,NZ,NZL,4783062,Oceania,0.71084172,2.50885E-06,11,0,Social Distancing and Wearing Masks Enforced
01/10/2020,1,10,2020,0,0,New_Zealand,NZ,NZL,4783062,Oceania,0.4599564,0,-12,0,Social Distancing and Wearing Masks Enforced
30/09/2020,30,9,2020,1,0,New_Zealand,NZ,NZL,4783062,Oceania,0.60630617,2.09071E-07,1,0,Social Distancing and Wearing Masks Enforced
29/09/2020,29,9,2020,2,0,New_Zealand,NZ,NZL,4783062,Oceania,0.60630617,4.18142E-07,1,0,Social Distancing and Wearing Masks Enforced
28/09/2020,28,9,2020,0,0,New_Zealand,NZ,NZL,4783062,Oceania,0.62721328,0,-2,0,Social Distancing and Wearing Masks Enforced
27/09/2020,27,9,2020,2,0,New_Zealand,NZ,NZL,4783062,Oceania,0.64812039,4.18142E-07,2,0,Social Distancing and Wearing Masks Enforced
26/09/2020,26,9,2020,2,0,New_Zealand,NZ,NZL,4783062,Oceania,0.64812039,4.18142E-07,0,0,Social Distancing and Wearing Masks Enforced
25/09/2020,25,9,2020,2,0,New_Zealand,NZ,NZL,4783062,Oceania,0.64812039,4.18142E-07,0,0,Social Distancing and Wearing Masks Enforced
24/09/2020,24,9,2020,3,0,New_Zealand,NZ,NZL,4783062,Oceania,0.62721328,6.27213E-07,1,0,Social Distancing and Wearing Masks Enforced
23/09/2020,23,9,2020,4,0,New_Zealand,NZ,NZL,4783062,Oceania,0.64812039,8.36284E-07,1,0,Social Distancing and Wearing Masks Enforced
22/09/2020,22,9,2020,0,0,New_Zealand,NZ,NZL,4783062,Oceania,0.68993461,0,-4,0,Social Distancing and Wearing Masks Enforced
21/09/2020,21,9,2020,0,0,New_Zealand,NZ,NZL,4783062,Oceania,0.81537726,0,0,0,Social Distancing and Wearing Masks Enforced
20/09/2020,20,9,2020,4,0,New_Zealand,NZ,NZL,4783062,Oceania,0.8990057,8.36284E-07,4,0,Social Distancing and Wearing Masks Enforced
19/09/2020,19,9,2020,2,0,New_Zealand,NZ,NZL,4783062,Oceania,0.98263414,4.18142E-07,-2,0,Social Distancing and Wearing Masks Enforced
18/09/2020,18,9,2020,0,0,New_Zealand,NZ,NZL,4783062,Oceania,0.94081992,0,-2,0,Social Distancing and Wearing Masks Enforced
17/09/2020,17,9,2020,7,0,New_Zealand,NZ,NZL,4783062,Oceania,1.04535546,1.4635E-06,7,0,Social Distancing and Wearing Masks Enforced
16/09/2020,16,9,2020,1,1,New_Zealand,NZ,NZL,4783062,Oceania,0.94081992,2.09071E-07,-6,1,Social Distancing and Wearing Masks Enforced
15/09/2020,15,9,2020,3,0,New_Zealand,NZ,NZL,4783062,Oceania,1.02444836,6.27213E-07,2,-1,Social Distancing and Wearing Masks Enforced
14/09/2020,14,9,2020,1,0,New_Zealand,NZ,NZL,4783062,Oceania,1.25442656,2.09071E-07,-2,0,Social Distancing and Wearing Masks Enforced
13/09/2020,13,9,2020,2,0,New_Zealand,NZ,NZL,4783062,Oceania,1.42168343,4.18142E-07,1,0,Social Distancing and Wearing Masks Enforced
12/09/2020,12,9,2020,2,0,New_Zealand,NZ,NZL,4783062,Oceania,1.42168343,4.18142E-07,0,0,Social Distancing and Wearing Masks Enforced
11/09/2020,11,9,2020,1,0,New_Zealand,NZ,NZL,4783062,Oceania,1.65166163,2.09071E-07,-1,0,Social Distancing and Wearing Masks Enforced
10/09/2020,10,9,2020,4,0,New_Zealand,NZ,NZL,4783062,Oceania,1.88163984,8.36284E-07,3,0,Social Distancing and Wearing Masks Enforced
09/09/2020,9,9,2020,6,0,New_Zealand,NZ,NZL,4783062,Oceania,1.94436116,1.25443E-06,2,0,Social Distancing and Wearing Masks Enforced
08/09/2020,8,9,2020,6,0,New_Zealand,NZ,NZL,4783062,Oceania,1.92345406,1.25443E-06,0,0,Social Distancing and Wearing Masks Enforced
07/09/2020,7,9,2020,4,0,New_Zealand,NZ,NZL,4783062,Oceania,1.94436116,8.36284E-07,-2,0,Social Distancing and Wearing Masks Enforced
06/09/2020,6,9,2020,8,2,New_Zealand,NZ,NZL,4783062,Oceania,2.0279896,1.67257E-06,4,2,Social Distancing and Wearing Masks Enforced
05/09/2020,5,9,2020,0,0,New_Zealand,NZ,NZL,4783062,Oceania,1.92345406,0,-8,-2,Social Distancing and Wearing Masks Enforced
04/09/2020,4,9,2020,5,0,New_Zealand,NZ,NZL,4783062,Oceania,2.04889671,1.04536E-06,5,0,Social Distancing and Wearing Masks Enforced
03/09/2020,3,9,2020,2,0,New_Zealand,NZ,NZL,4783062,Oceania,2.17433937,4.18142E-07,-3,0,Social Distancing and Wearing Masks Enforced
02/09/2020,2,9,2020,5,0,New_Zealand,NZ,NZL,4783062,Oceania,2.23706069,1.04536E-06,3,0,Social Distancing and Wearing Masks Enforced
01/09/2020,1,9,2020,14,0,New_Zealand,NZ,NZL,4783062,Oceania,2.2579678,2.927E-06,9,0,Social Distancing and Wearing Masks Enforced
31/08/2020,31,8,2020,9,0,New_Zealand,NZ,NZL,4783062,Oceania,2.23706069,1.88164E-06,-5,0,Social Distancing and Wearing Masks Enforced
30/08/2020,30,8,2020,2,0,New_Zealand,NZ,NZL,4783062,Oceania,2.23706069,4.18142E-07,-7,0,Social Distancing and Wearing Masks Enforced
29/08/2020,29,8,2020,13,0,New_Zealand,NZ,NZL,4783062,Oceania,2.4670389,2.71792E-06,11,0,Social Distancing and Wearing Masks Enforced
28/08/2020,28,8,2020,12,0,New_Zealand,NZ,NZL,4783062,Oceania,2.34159624,2.50885E-06,-1,0,Social Distancing and Wearing Masks Enforced
27/08/2020,27,8,2020,7,0,New_Zealand,NZ,NZL,4783062,Oceania,2.36250335,1.4635E-06,-5,0,Social Distancing and Wearing Masks Enforced
26/08/2020,26,8,2020,5,0,New_Zealand,NZ,NZL,4783062,Oceania,2.59248155,1.04536E-06,-2,0,Social Distancing and Wearing Masks Enforced
25/08/2020,25,8,2020,7,0,New_Zealand,NZ,NZL,4783062,Oceania,2.48794601,1.4635E-06,2,0,Social Distancing and Wearing Masks Enforced
24/08/2020,24,8,2020,8,0,New_Zealand,NZ,NZL,4783062,Oceania,2.36250335,1.67257E-06,1,0,Social Distancing and Wearing Masks Enforced
23/08/2020,23,8,2020,3,0,New_Zealand,NZ,NZL,4783062,Oceania,2.19524648,6.27213E-07,-5,0,Social Distancing and Wearing Masks Enforced
22/08/2020,22,8,2020,6,0,New_Zealand,NZ,NZL,4783062,Oceania,2.13252515,1.25443E-06,3,0,Social Distancing and Wearing Masks Enforced
21/08/2020,21,8,2020,11,0,New_Zealand,NZ,NZL,4783062,Oceania,2.00708249,2.29978E-06,5,0,Social Distancing and Wearing Masks Enforced
20/08/2020,20,8,2020,5,0,New_Zealand,NZ,NZL,4783062,Oceania,1.77710429,1.04536E-06,-6,0,Social Distancing and Wearing Masks Enforced
19/08/2020,19,8,2020,6,0,New_Zealand,NZ,NZL,4783062,Oceania,1.67256874,1.25443E-06,1,0,Social Distancing and Wearing Masks Enforced
18/08/2020,18,8,2020,13,0,New_Zealand,NZ,NZL,4783062,Oceania,1.58894031,2.71792E-06,7,0,Social Distancing and Wearing Masks Enforced
17/08/2020,17,8,2020,9,0,New_Zealand,NZ,NZL,4783062,Oceania,1.31714789,1.88164E-06,-4,0,Social Distancing and Wearing Masks Enforced
16/08/2020,16,8,2020,13,0,New_Zealand,NZ,NZL,4783062,Oceania,1.17079812,2.71792E-06,4,0,Social Distancing and Wearing Masks Enforced
15/08/2020,15,8,2020,7,0,New_Zealand,NZ,NZL,4783062,Oceania,0.96172703,1.4635E-06,-6,0,Social Distancing and Wearing Masks Enforced
14/08/2020,14,8,2020,13,0,New_Zealand,NZ,NZL,4783062,Oceania,0.85719148,2.71792E-06,6,0,Social Distancing and Wearing Masks Enforced
13/08/2020,13,8,2020,18,0,New_Zealand,NZ,NZL,4783062,Oceania,0.58539906,3.76328E-06,5,0,Social Distancing and Wearing Masks Enforced
12/08/2020,12,8,2020,0,0,New_Zealand,NZ,NZL,4783062,Oceania,0.2299782,0,-18,0,Social Distancing and Wearing Masks Enforced
11/08/2020,11,8,2020,1,0,New_Zealand,NZ,NZL,4783062,Oceania,0.27179242,2.09071E-07,1,0,Social Distancing and Wearing Masks Enforced
10/08/2020,10,8,2020,0,0,New_Zealand,NZ,NZL,4783062,Oceania,0.27179242,0,-1,0,Social Distancing and Wearing Masks Enforced
09/08/2020,9,8,2020,0,0,New_Zealand,NZ,NZL,4783062,Oceania,0.27179242,0,0,0,Social Distancing and Wearing Masks Enforced
08/08/2020,8,8,2020,0,0,New_Zealand,NZ,NZL,4783062,Oceania,0.27179242,0,0,0,Social Distancing and Wearing Masks Enforced
07/08/2020,7,8,2020,0,0,New_Zealand,NZ,NZL,4783062,Oceania,0.27179242,0,0,0,Social Distancing and Wearing Masks Enforced
06/08/2020,6,8,2020,0,0,New_Zealand,NZ,NZL,4783062,Oceania,0.29269953,0,0,0,Social Distancing and Wearing Masks Enforced
05/08/2020,5,8,2020,2,0,New_Zealand,NZ,NZL,4783062,Oceania,0.29269953,4.18142E-07,2,0,Social Distancing and Wearing Masks Enforced
04/08/2020,4,8,2020,0,0,New_Zealand,NZ,NZL,4783062,Oceania,0.25088531,0,-2,0,Social Distancing and Wearing Masks Enforced
03/08/2020,3,8,2020,2,0,New_Zealand,NZ,NZL,4783062,Oceania,0.27179242,4.18142E-07,2,0,Social Distancing and Wearing Masks Enforced
02/08/2020,2,8,2020,3,0,New_Zealand,NZ,NZL,4783062,Oceania,0.25088531,6.27213E-07,1,0,Social Distancing and Wearing Masks Enforced
01/08/2020,1,8,2020,2,0,New_Zealand,NZ,NZL,4783062,Oceania,0.25088531,4.18142E-07,-1,0,Social Distancing and Wearing Masks Enforced
31/07/2020,31,7,2020,0,0,New_Zealand,NZ,NZL,4783062,Oceania,0.2299782,0,-2,0,Social Distancing and Wearing Masks Enforced
30/07/2020,30,7,2020,1,0,New_Zealand,NZ,NZL,4783062,Oceania,0.25088531,2.09071E-07,1,0,Social Distancing and Wearing Masks Enforced
29/07/2020,29,7,2020,2,0,New_Zealand,NZ,NZL,4783062,Oceania,0.25088531,4.18142E-07,1,0,Social Distancing and Wearing Masks Enforced
28/07/2020,28,7,2020,1,0,New_Zealand,NZ,NZL,4783062,Oceania,0.25088531,2.09071E-07,-1,0,Social Distancing and Wearing Masks Enforced
27/07/2020,27,7,2020,0,0,New_Zealand,NZ,NZL,4783062,Oceania,0.25088531,0,-1,0,Social Distancing and Wearing Masks Enforced
26/07/2020,26,7,2020,0,0,New_Zealand,NZ,NZL,4783062,Oceania,0.25088531,0,0,0,Social Distancing and Wearing Masks Enforced
25/07/2020,25,7,2020,0,0,New_Zealand,NZ,NZL,4783062,Oceania,0.27179242,0,0,0,Social Distancing and Wearing Masks Enforced
24/07/2020,24,7,2020,1,0,New_Zealand,NZ,NZL,4783062,Oceania,0.29269953,2.09071E-07,1,0,Social Distancing and Wearing Masks Enforced
23/07/2020,23,7,2020,0,0,New_Zealand,NZ,NZL,4783062,Oceania,0.31360664,0,-1,0,Social Distancing and Wearing Masks Enforced
22/07/2020,22,7,2020,0,0,New_Zealand,NZ,NZL,4783062,Oceania,0.37632797,0,0,0,Social Distancing and Wearing Masks Enforced
21/07/2020,21,7,2020,1,0,New_Zealand,NZ,NZL,4783062,Oceania,0.39723508,2.09071E-07,1,0,Social Distancing and Wearing Masks Enforced
20/07/2020,20,7,2020,1,0,New_Zealand,NZ,NZL,4783062,Oceania,0.4390493,2.09071E-07,0,0,Social Distancing and Wearing Masks Enforced
19/07/2020,19,7,2020,3,0,New_Zealand,NZ,NZL,4783062,Oceania,0.41814219,6.27213E-07,2,0,Social Distancing and Wearing Masks Enforced
18/07/2020,18,7,2020,1,0,New_Zealand,NZ,NZL,4783062,Oceania,0.41814219,2.09071E-07,-2,0,Social Distancing and Wearing Masks Enforced
17/07/2020,17,7,2020,1,0,New_Zealand,NZ,NZL,4783062,Oceania,0.39723508,2.09071E-07,0,0,Social Distancing and Wearing Masks Enforced
16/07/2020,16,7,2020,1,0,New_Zealand,NZ,NZL,4783062,Oceania,0.37632797,2.09071E-07,0,0,Social Distancing and Wearing Masks Enforced
15/07/2020,15,7,2020,2,0,New_Zealand,NZ,NZL,4783062,Oceania,0.39723508,4.18142E-07,1,0,Social Distancing and Wearing Masks Enforced
14/07/2020,14,7,2020,1,0,New_Zealand,NZ,NZL,4783062,Oceania,0.35542086,2.09071E-07,-1,0,Social Distancing and Wearing Masks Enforced
13/07/2020,13,7,2020,0,0,New_Zealand,NZ,NZL,4783062,Oceania,0.33451375,0,-1,0,Social Distancing and Wearing Masks Enforced
12/07/2020,12,7,2020,1,0,New_Zealand,NZ,NZL,4783062,Oceania,0.37632797,2.09071E-07,1,0,Social Distancing and Wearing Masks Enforced
11/07/2020,11,7,2020,1,0,New_Zealand,NZ,NZL,4783062,Oceania,0.4390493,2.09071E-07,0,0,Social Distancing and Wearing Masks Enforced
10/07/2020,10,7,2020,2,0,New_Zealand,NZ,NZL,4783062,Oceania,0.4599564,4.18142E-07,1,0,Social Distancing and Wearing Masks Enforced
09/07/2020,9,7,2020,3,0,New_Zealand,NZ,NZL,4783062,Oceania,0.4390493,6.27213E-07,1,0,Social Distancing and Wearing Masks Enforced
08/07/2020,8,7,2020,1,0,New_Zealand,NZ,NZL,4783062,Oceania,0.4390493,2.09071E-07,-2,0,Social Distancing and Wearing Masks Enforced
07/07/2020,7,7,2020,3,0,New_Zealand,NZ,NZL,4783062,Oceania,0.4390493,6.27213E-07,2,0,Social Distancing and Wearing Masks Enforced
06/07/2020,6,7,2020,0,0,New_Zealand,NZ,NZL,4783062,Oceania,0.41814219,0,-3,0,Social Distancing and Wearing Masks Enforced
05/07/2020,5,7,2020,3,0,New_Zealand,NZ,NZL,4783062,Oceania,0.4599564,6.27213E-07,3,0,Social Distancing and Wearing Masks Enforced
04/07/2020,4,7,2020,0,0,New_Zealand,NZ,NZL,4783062,Oceania,0.4390493,0,-3,0,Social Distancing and Wearing Masks Enforced
03/07/2020,3,7,2020,0,0,New_Zealand,NZ,NZL,4783062,Oceania,0.48086351,0,0,0,Social Distancing and Wearing Masks Enforced
02/07/2020,2,7,2020,2,0,New_Zealand,NZ,NZL,4783062,Oceania,0.48086351,4.18142E-07,2,0,Social Distancing and Wearing Masks Enforced
01/07/2020,1,7,2020,0,0,New_Zealand,NZ,NZL,4783062,Oceania,0.4599564,0,-2,0,Social Distancing and Wearing Masks Enforced
30/06/2020,30,6,2020,0,0,New_Zealand,NZ,NZL,4783062,Oceania,0.4599564,0,0,0,Social Distancing and Wearing Masks Enforced
29/06/2020,29,6,2020,2,0,New_Zealand,NZ,NZL,4783062,Oceania,0.50177062,4.18142E-07,2,0,Social Distancing and Wearing Masks Enforced
28/06/2020,28,6,2020,4,0,New_Zealand,NZ,NZL,4783062,Oceania,0.4599564,8.36284E-07,2,0,Social Distancing and Wearing Masks Enforced
27/06/2020,27,6,2020,2,0,New_Zealand,NZ,NZL,4783062,Oceania,0.37632797,4.18142E-07,-2,0,Social Distancing and Wearing Masks Enforced
26/06/2020,26,6,2020,1,0,New_Zealand,NZ,NZL,4783062,Oceania,0.33451375,2.09071E-07,-1,0,Social Distancing and Wearing Masks Enforced
25/06/2020,25,6,2020,3,0,New_Zealand,NZ,NZL,4783062,Oceania,0.31360664,6.27213E-07,2,0,Social Distancing and Wearing Masks Enforced
24/06/2020,24,6,2020,1,0,New_Zealand,NZ,NZL,4783062,Oceania,0.25088531,2.09071E-07,-2,0,Social Distancing and Wearing Masks Enforced
23/06/2020,23,6,2020,2,0,New_Zealand,NZ,NZL,4783062,Oceania,0.2299782,4.18142E-07,1,0,Social Distancing and Wearing Masks Enforced
22/06/2020,22,6,2020,2,0,New_Zealand,NZ,NZL,4783062,Oceania,0.18816398,4.18142E-07,0,0,Social Distancing and Wearing Masks Enforced
21/06/2020,21,6,2020,2,0,New_Zealand,NZ,NZL,4783062,Oceania,0.14634977,4.18142E-07,0,0,Social Distancing and Wearing Masks Enforced
20/06/2020,20,6,2020,2,0,New_Zealand,NZ,NZL,4783062,Oceania,0.10453555,4.18142E-07,0,0,Social Distancing and Wearing Masks Enforced
19/06/2020,19,6,2020,0,0,New_Zealand,NZ,NZL,4783062,Oceania,0.06272133,0,-2,0,Social Distancing and Wearing Masks Enforced
18/06/2020,18,6,2020,1,0,New_Zealand,NZ,NZL,4783062,Oceania,0.06272133,2.09071E-07,1,0,Social Distancing and Wearing Masks Enforced
17/06/2020,17,6,2020,0,0,New_Zealand,NZ,NZL,4783062,Oceania,0.04181422,0,-1,0,Social Distancing and Wearing Masks Enforced
16/06/2020,16,6,2020,2,0,New_Zealand,NZ,NZL,4783062,Oceania,0.04181422,4.18142E-07,2,0,Social Distancing and Wearing Masks Enforced
15/06/2020,15,6,2020,0,0,New_Zealand,NZ,NZL,4783062,Oceania,0,0,-2,0,Social Distancing and Wearing Masks Enforced
14/06/2020,14,6,2020,0,0,New_Zealand,NZ,NZL,4783062,Oceania,0,0,0,0,Social Distancing and Wearing Masks Enforced
13/06/2020,13,6,2020,0,0,New_Zealand,NZ,NZL,4783062,Oceania,0,0,0,0,Social Distancing and Wearing Masks Enforced
12/06/2020,12,6,2020,0,0,New_Zealand,NZ,NZL,4783062,Oceania,0,0,0,0,Social Distancing and Wearing Masks Enforced
11/06/2020,11,6,2020,0,0,New_Zealand,NZ,NZL,4783062,Oceania,0,0,0,0,Social Distancing and Wearing Masks Enforced
10/06/2020,10,6,2020,0,0,New_Zealand,NZ,NZL,4783062,Oceania,0,0,0,0,Social Distancing and Wearing Masks Enforced
09/06/2020,9,6,2020,0,0,New_Zealand,NZ,NZL,4783062,Oceania,0,0,0,0,Social Distancing and Wearing Masks Enforced
08/06/2020,8,6,2020,0,0,New_Zealand,NZ,NZL,4783062,Oceania,0,0,0,0,Social Distancing and Wearing Masks Enforced
07/06/2020,7,6,2020,0,0,New_Zealand,NZ,NZL,4783062,Oceania,0,0,0,0,Social Distancing and Wearing Masks Enforced
06/06/2020,6,6,2020,0,0,New_Zealand,NZ,NZL,4783062,Oceania,0,0,0,0,Social Distancing and Wearing Masks Enforced
05/06/2020,5,6,2020,0,0,New_Zealand,NZ,NZL,4783062,Oceania,0,0,0,0,Social Distancing and Wearing Masks Enforced
04/06/2020,4,6,2020,0,0,New_Zealand,NZ,NZL,4783062,Oceania,0.02090711,0,0,0,Social Distancing and Wearing Masks Enforced
03/06/2020,3,6,2020,0,0,New_Zealand,NZ,NZL,4783062,Oceania,0.02090711,0,0,0,Social Distancing and Wearing Masks Enforced
02/06/2020,2,6,2020,0,0,New_Zealand,NZ,NZL,4783062,Oceania,0.02090711,0,0,0,Social Distancing and Wearing Masks Enforced
01/06/2020,1,6,2020,0,0,New_Zealand,NZ,NZL,4783062,Oceania,0.10453555,0,0,0,Social Distancing and Wearing Masks Enforced
31/05/2020,31,5,2020,0,0,New_Zealand,NZ,NZL,4783062,Oceania,0.10453555,0,0,0,Social Distancing and Wearing Masks Enforced
30/05/2020,30,5,2020,0,0,New_Zealand,NZ,NZL,4783062,Oceania,0.12544266,0,0,0,Social Distancing and Wearing Masks Enforced
29/05/2020,29,5,2020,0,0,New_Zealand,NZ,NZL,4783062,Oceania,0.12544266,0,0,0,Social Distancing and Wearing Masks Enforced
28/05/2020,28,5,2020,0,1,New_Zealand,NZ,NZL,4783062,Oceania,0.14634977,0,0,1,Social Distancing and Wearing Masks Enforced
27/05/2020,27,5,2020,0,0,New_Zealand,NZ,NZL,4783062,Oceania,0.14634977,0,0,-1,Social Distancing and Wearing Masks Enforced
26/05/2020,26,5,2020,0,0,New_Zealand,NZ,NZL,4783062,Oceania,0.14634977,0,0,0,Social Distancing and Wearing Masks Enforced
25/05/2020,25,5,2020,0,0,New_Zealand,NZ,NZL,4783062,Oceania,0.14634977,0,0,0,Social Distancing and Wearing Masks Enforced
24/05/2020,24,5,2020,0,0,New_Zealand,NZ,NZL,4783062,Oceania,0.20907109,0,0,0,Social Distancing and Wearing Masks Enforced
23/05/2020,23,5,2020,0,0,New_Zealand,NZ,NZL,4783062,Oceania,0.25088531,0,0,0,Social Distancing and Wearing Masks Enforced
22/05/2020,22,5,2020,1,0,New_Zealand,NZ,NZL,4783062,Oceania,0.27179242,2.09071E-07,1,0,Social Distancing and Wearing Masks Enforced
21/05/2020,21,5,2020,0,0,New_Zealand,NZ,NZL,4783062,Oceania,0.29269953,0,-1,0,Social Distancing and Wearing Masks Enforced
20/05/2020,20,5,2020,0,0,New_Zealand,NZ,NZL,4783062,Oceania,0.31360664,0,0,0,Social Distancing and Wearing Masks Enforced
19/05/2020,19,5,2020,4,0,New_Zealand,NZ,NZL,4783062,Oceania,0.33451375,8.36284E-07,4,0,Social Distancing and Wearing Masks Enforced
18/05/2020,18,5,2020,0,0,New_Zealand,NZ,NZL,4783062,Oceania,0.25088531,0,-4,0,Social Distancing and Wearing Masks Enforced
17/05/2020,17,5,2020,1,0,New_Zealand,NZ,NZL,4783062,Oceania,0.27179242,2.09071E-07,1,0,Social Distancing and Wearing Masks Enforced
16/05/2020,16,5,2020,0,0,New_Zealand,NZ,NZL,4783062,Oceania,0.29269953,0,-1,0,Social Distancing and Wearing Masks Enforced
15/05/2020,15,5,2020,1,0,New_Zealand,NZ,NZL,4783062,Oceania,0.33451375,2.09071E-07,1,0,Social Distancing and Wearing Masks Enforced
14/05/2020,14,5,2020,0,0,New_Zealand,NZ,NZL,4783062,Oceania,0.37632797,0,-1,0,Social Distancing and Wearing Masks Enforced
13/05/2020,13,5,2020,0,0,New_Zealand,NZ,NZL,4783062,Oceania,0.4390493,0,0,0,Social Distancing and Wearing Masks Enforced
12/05/2020,12,5,2020,0,0,New_Zealand,NZ,NZL,4783062,Oceania,0.48086351,0,0,0,Social Distancing and Wearing Masks Enforced
11/05/2020,11,5,2020,3,0,New_Zealand,NZ,NZL,4783062,Oceania,0.52267773,6.27213E-07,3,0,Social Distancing and Wearing Masks Enforced
10/05/2020,10,5,2020,2,0,New_Zealand,NZ,NZL,4783062,Oceania,0.48086351,4.18142E-07,-1,0,Social Distancing and Wearing Masks Enforced
09/05/2020,9,5,2020,1,0,New_Zealand,NZ,NZL,4783062,Oceania,0.52267773,2.09071E-07,-1,0,Social Distancing and Wearing Masks Enforced
08/05/2020,8,5,2020,2,0,New_Zealand,NZ,NZL,4783062,Oceania,0.56449195,4.18142E-07,1,0,Social Distancing and Wearing Masks Enforced
07/05/2020,7,5,2020,1,0,New_Zealand,NZ,NZL,4783062,Oceania,0.56449195,2.09071E-07,-1,0,Social Distancing and Wearing Masks Enforced
06/05/2020,6,5,2020,1,1,New_Zealand,NZ,NZL,4783062,Oceania,0.54358484,2.09071E-07,0,1,Social Distancing and Wearing Masks Enforced
05/05/2020,5,5,2020,0,0,New_Zealand,NZ,NZL,4783062,Oceania,0.62721328,0,-1,-1,Social Distancing and Wearing Masks Enforced
04/05/2020,4,5,2020,1,0,New_Zealand,NZ,NZL,4783062,Oceania,0.6690275,2.09071E-07,1,0,Social Distancing and Wearing Masks Enforced
03/05/2020,3,5,2020,2,0,New_Zealand,NZ,NZL,4783062,Oceania,0.79447015,4.18142E-07,1,0,Social Distancing and Wearing Masks Enforced
02/05/2020,2,5,2020,2,1,New_Zealand,NZ,NZL,4783062,Oceania,0.83628437,4.18142E-07,0,1,Social Distancing and Wearing Masks Enforced
01/05/2020,1,5,2020,3,0,New_Zealand,NZ,NZL,4783062,Oceania,0.96172703,6.27213E-07,1,-1,Social Distancing and Wearing Masks Enforced
30/04/2020,30,4,2020,3,0,New_Zealand,NZ,NZL,4783062,Oceania,0.94081992,6.27213E-07,0,0,Social Distancing and Wearing Masks Enforced
29/04/2020,29,4,2020,2,0,New_Zealand,NZ,NZL,4783062,Oceania,1.00354125,4.18142E-07,-1,0,Social Distancing and Wearing Masks Enforced
28/04/2020,28,4,2020,2,0,New_Zealand,NZ,NZL,4783062,Oceania,1.08716968,4.18142E-07,0,0,Social Distancing and Wearing Masks Enforced
27/04/2020,27,4,2020,1,1,New_Zealand,NZ,NZL,4783062,Oceania,1.21261234,2.09071E-07,-1,1,Social Distancing and Wearing Masks Enforced
26/04/2020,26,4,2020,4,0,New_Zealand,NZ,NZL,4783062,Oceania,1.50531187,8.36284E-07,3,-1,Social Distancing and Wearing Masks Enforced
25/04/2020,25,4,2020,3,1,New_Zealand,NZ,NZL,4783062,Oceania,1.71438296,6.27213E-07,-1,1,Social Distancing and Wearing Masks Enforced
24/04/2020,24,4,2020,2,1,New_Zealand,NZ,NZL,4783062,Oceania,2.06980382,4.18142E-07,-1,0,Social Distancing and Wearing Masks Enforced
23/04/2020,23,4,2020,0,2,New_Zealand,NZ,NZL,4783062,Oceania,2.50885312,0,-2,1,Social Distancing and Wearing Masks Enforced
22/04/2020,22,4,2020,5,1,New_Zealand,NZ,NZL,4783062,Oceania,2.98971663,1.04536E-06,5,-1,Social Distancing and Wearing Masks Enforced
21/04/2020,21,4,2020,2,1,New_Zealand,NZ,NZL,4783062,Oceania,3.42876592,4.18142E-07,-3,0,Social Distancing and Wearing Masks Enforced
20/04/2020,20,4,2020,7,0,New_Zealand,NZ,NZL,4783062,Oceania,4.0559792,1.4635E-06,5,-1,Social Distancing and Wearing Masks Enforced
19/04/2020,19,4,2020,4,1,New_Zealand,NZ,NZL,4783062,Oceania,4.7250067,8.36284E-07,-3,1,Social Distancing and Wearing Masks Enforced
18/04/2020,18,4,2020,8,0,New_Zealand,NZ,NZL,4783062,Oceania,5.64491951,1.67257E-06,4,-1,Social Distancing and Wearing Masks Enforced
17/04/2020,17,4,2020,2,2,New_Zealand,NZ,NZL,4783062,Oceania,6.56483232,4.18142E-07,-6,2,Social Distancing and Wearing Masks Enforced
16/04/2020,16,4,2020,6,0,New_Zealand,NZ,NZL,4783062,Oceania,7.54746646,1.25443E-06,4,-2,Social Distancing and Wearing Masks Enforced
15/04/2020,15,4,2020,6,0,New_Zealand,NZ,NZL,4783062,Oceania,9.01096411,1.25443E-06,0,0,Social Distancing and Wearing Masks Enforced
14/04/2020,14,4,2020,8,4,New_Zealand,NZ,NZL,4783062,Oceania,8.88552145,1.67257E-06,2,4,Social Distancing and Wearing Masks Enforced
13/04/2020,13,4,2020,15,1,New_Zealand,NZ,NZL,4783062,Oceania,10.70443996,3.13607E-06,7,-3,Social Distancing and Wearing Masks Enforced
12/04/2020,12,4,2020,14,0,New_Zealand,NZ,NZL,4783062,Oceania,11.97977363,2.927E-06,-1,-1,Social Distancing and Wearing Masks Enforced
11/04/2020,11,4,2020,20,2,New_Zealand,NZ,NZL,4783062,Oceania,12.94150065,4.18142E-06,6,2,Social Distancing and Wearing Masks Enforced
10/04/2020,10,4,2020,23,1,New_Zealand,NZ,NZL,4783062,Oceania,14.15411299,4.80864E-06,3,-1,Social Distancing and Wearing Masks Enforced
09/04/2020,9,4,2020,23,0,New_Zealand,NZ,NZL,4783062,Oceania,15.26218979,4.80864E-06,0,-1,Social Distancing and Wearing Masks Enforced
08/04/2020,8,4,2020,26,0,New_Zealand,NZ,NZL,4783062,Oceania,16.30754525,5.43585E-06,3,0,Social Distancing and Wearing Masks Enforced
07/04/2020,7,4,2020,32,0,New_Zealand,NZ,NZL,4783062,Oceania,16.74659455,6.69027E-06,6,0,Social Distancing and Wearing Masks Enforced
06/04/2020,6,4,2020,39,0,New_Zealand,NZ,NZL,4783062,Oceania,16.91385142,8.15377E-06,7,0,Social Distancing and Wearing Masks Enforced
05/04/2020,5,4,2020,48,0,New_Zealand,NZ,NZL,4783062,Oceania,16.85113009,1.00354E-05,9,0,Social Distancing and Wearing Masks Enforced
04/04/2020,4,4,2020,52,0,New_Zealand,NZ,NZL,4783062,Oceania,16.11938127,1.08717E-05,4,0,Social Distancing and Wearing Masks Enforced
03/04/2020,3,4,2020,49,0,New_Zealand,NZ,NZL,4783062,Oceania,15.32491111,1.02445E-05,-3,0,Social Distancing and Wearing Masks Enforced
02/04/2020,2,4,2020,76,0,New_Zealand,NZ,NZL,4783062,Oceania,14.53044096,1.58894E-05,27,0,Social Distancing and Wearing Masks Enforced
01/04/2020,1,4,2020,0,0,New_Zealand,NZ,NZL,4783062,Oceania,13.10875753,0,-76,0,Social Distancing and Wearing Masks Enforced
31/03/2020,31,3,2020,95,0,New_Zealand,NZ,NZL,4783062,Oceania,13.35964284,1.98618E-05,95,0,Social Distancing and Wearing Masks Enforced
30/03/2020,30,3,2020,76,0,New_Zealand,NZ,NZL,4783062,Oceania,11.41528168,1.58894E-05,-19,0,Social Distancing and Wearing Masks Enforced
29/03/2020,29,3,2020,60,1,New_Zealand,NZ,NZL,4783062,Oceania,9.84724848,1.25443E-05,-16,1,Social Distancing and Wearing Masks Enforced
28/03/2020,28,3,2020,78,0,New_Zealand,NZ,NZL,4783062,Oceania,8.61372903,1.63075E-05,18,-1,Social Distancing and Wearing Masks Enforced
27/03/2020,27,3,2020,76,0,New_Zealand,NZ,NZL,4783062,Oceania,7.00388161,1.58894E-05,-2,0,Social Distancing and Wearing Masks Enforced
26/03/2020,26,3,2020,73,0,New_Zealand,NZ,NZL,4783062,Oceania,5.43584842,1.52622E-05,-3,0,Social Distancing and Wearing Masks Enforced
25/03/2020,25,3,2020,47,0,New_Zealand,NZ,NZL,4783062,Oceania,3.93053655,9.82634E-06,-26,0,Social Distancing and Wearing Masks Enforced
24/03/2020,24,3,2020,40,0,New_Zealand,NZ,NZL,4783062,Oceania,2.94790241,8.36284E-06,-7,0,Social Distancing and Wearing Masks Enforced
23/03/2020,23,3,2020,36,0,New_Zealand,NZ,NZL,4783062,Oceania,2.11161804,7.52656E-06,-4,0,Social Distancing and Wearing Masks Enforced
22/03/2020,22,3,2020,13,0,New_Zealand,NZ,NZL,4783062,Oceania,1.3589621,2.71792E-06,-23,0,Social Distancing and Wearing Masks Enforced
21/03/2020,21,3,2020,14,0,New_Zealand,NZ,NZL,4783062,Oceania,1.10807679,2.927E-06,1,0,Social Distancing and Wearing Masks Enforced
20/03/2020,20,3,2020,11,0,New_Zealand,NZ,NZL,4783062,Oceania,0.81537726,2.29978E-06,-3,0,Social Distancing and Wearing Masks Enforced
19/03/2020,19,3,2020,8,0,New_Zealand,NZ,NZL,4783062,Oceania,0.58539906,1.67257E-06,-3,0,Social Distancing and Wearing Masks Enforced
18/03/2020,18,3,2020,12,0,New_Zealand,NZ,NZL,4783062,Oceania,0.41814219,2.50885E-06,4,0,Social Distancing and Wearing Masks Enforced
15/03/2020,15,3,2020,2,0,New_Zealand,NZ,NZL,4783062,Oceania,0.16725687,4.18142E-07,-10,0,Social Distancing and Wearing Masks Enforced
14/03/2020,14,3,2020,1,0,New_Zealand,NZ,NZL,4783062,Oceania,0.12544266,2.09071E-07,-1,0,Social Distancing and Wearing Masks Enforced
07/03/2020,7,3,2020,1,0,New_Zealand,NZ,NZL,4783062,Oceania,0.10453555,2.09071E-07,0,0,Social Distancing and Wearing Masks Enforced
06/03/2020,6,3,2020,1,0,New_Zealand,NZ,NZL,4783062,Oceania,0.08362844,2.09071E-07,0,0,Social Distancing and Wearing Masks Enforced
05/03/2020,5,3,2020,1,0,New_Zealand,NZ,NZL,4783062,Oceania,0.06272133,2.09071E-07,0,0,Social Distancing and Wearing Masks Enforced
04/03/2020,4,3,2020,1,0,New_Zealand,NZ,NZL,4783062,Oceania,0.04181422,2.09071E-07,0,0,Social Distancing and Wearing Masks Enforced
02/03/2020,2,3,2020,0,0,New_Zealand,NZ,NZL,4783062,Oceania,0.02090711,0,-1,0,Social Distancing and Wearing Masks Enforced
01/03/2020,1,3,2020,0,0,New_Zealand,NZ,NZL,4783062,Oceania,0.02090711,0,0,0,Social Distancing and Wearing Masks Enforced
29/02/2020,29,2,2020,0,0,New_Zealand,NZ,NZL,4783062,Oceania,0.02090711,0,0,0,Social Distancing and Wearing Masks Enforced
28/02/2020,28,2,2020,1,0,New_Zealand,NZ,NZL,4783062,Oceania,0.02090711,2.09071E-07,1,0,Social Distancing and Wearing Masks Enforced
27/02/2020,27,2,2020,0,0,New_Zealand,NZ,NZL,4783062,Oceania,0,0,-1,0,Social Distancing and Wearing Masks Enforced
26/02/2020,26,2,2020,0,0,New_Zealand,NZ,NZL,4783062,Oceania,0,0,0,0,Social Distancing and Wearing Masks Enforced
25/02/2020,25,2,2020,0,0,New_Zealand,NZ,NZL,4783062,Oceania,0,0,0,0,Social Distancing and Wearing Masks Enforced
24/02/2020,24,2,2020,0,0,New_Zealand,NZ,NZL,4783062,Oceania,0,0,0,0,Social Distancing and Wearing Masks Enforced
23/02/2020,23,2,2020,0,0,New_Zealand,NZ,NZL,4783062,Oceania,0,0,0,0,Social Distancing and Wearing Masks Enforced
22/02/2020,22,2,2020,0,0,New_Zealand,NZ,NZL,4783062,Oceania,0,0,0,0,Social Distancing and Wearing Masks Enforced
21/02/2020,21,2,2020,0,0,New_Zealand,NZ,NZL,4783062,Oceania,0,0,0,0,Social Distancing and Wearing Masks Enforced
20/02/2020,20,2,2020,0,0,New_Zealand,NZ,NZL,4783062,Oceania,0,0,0,0,Social Distancing and Wearing Masks Enforced
19/02/2020,19,2,2020,0,0,New_Zealand,NZ,NZL,4783062,Oceania,0,0,0,0,Social Distancing and Wearing Masks Enforced
18/02/2020,18,2,2020,0,0,New_Zealand,NZ,NZL,4783062,Oceania,0,0,0,0,Social Distancing and Wearing Masks Enforced
17/02/2020,17,2,2020,0,0,New_Zealand,NZ,NZL,4783062,Oceania,0,0,0,0,Social Distancing and Wearing Masks Enforced
16/02/2020,16,2,2020,0,0,New_Zealand,NZ,NZL,4783062,Oceania,0,0,0,0,Social Distancing and Wearing Masks Enforced
15/02/2020,15,2,2020,0,0,New_Zealand,NZ,NZL,4783062,Oceania,0,0,0,0,Social Distancing and Wearing Masks Enforced
14/02/2020,14,2,2020,0,0,New_Zealand,NZ,NZL,4783062,Oceania,0,0,0,0,Social Distancing and Wearing Masks Enforced
13/02/2020,13,2,2020,0,0,New_Zealand,NZ,NZL,4783062,Oceania,0,0,0,0,Social Distancing and Wearing Masks Enforced
12/02/2020,12,2,2020,0,0,New_Zealand,NZ,NZL,4783062,Oceania,0,0,0,0,Social Distancing and Wearing Masks Enforced
11/02/2020,11,2,2020,0,0,New_Zealand,NZ,NZL,4783062,Oceania,0,0,0,0,Social Distancing and Wearing Masks Enforced
10/02/2020,10,2,2020,0,0,New_Zealand,NZ,NZL,4783062,Oceania,0,0,0,0,Social Distancing and Wearing Masks Enforced
09/02/2020,9,2,2020,0,0,New_Zealand,NZ,NZL,4783062,Oceania,0,0,0,0,Social Distancing and Wearing Masks Enforced
08/02/2020,8,2,2020,0,0,New_Zealand,NZ,NZL,4783062,Oceania,0,0,0,0,Social Distancing and Wearing Masks Enforced
07/02/2020,7,2,2020,0,0,New_Zealand,NZ,NZL,4783062,Oceania,0,0,0,0,Social Distancing and Wearing Masks Enforced
06/02/2020,6,2,2020,0,0,New_Zealand,NZ,NZL,4783062,Oceania,0,0,0,0,Social Distancing and Wearing Masks Enforced
05/02/2020,5,2,2020,0,0,New_Zealand,NZ,NZL,4783062,Oceania,0,0,0,0,Social Distancing and Wearing Masks Enforced
04/02/2020,4,2,2020,0,0,New_Zealand,NZ,NZL,4783062,Oceania,0,0,0,0,Social Distancing and Wearing Masks Enforced
03/02/2020,3,2,2020,0,0,New_Zealand,NZ,NZL,4783062,Oceania,0,0,0,0,Social Distancing and Wearing Masks Enforced
02/02/2020,2,2,2020,0,0,New_Zealand,NZ,NZL,4783062,Oceania,0,0,0,0,Social Distancing and Wearing Masks Enforced
01/02/2020,1,2,2020,0,0,New_Zealand,NZ,NZL,4783062,Oceania,0,0,0,0,Social Distancing and Wearing Masks Enforced
31/01/2020,31,1,2020,0,0,New_Zealand,NZ,NZL,4783062,Oceania,0,0,0,0,Social Distancing and Wearing Masks Enforced
30/01/2020,30,1,2020,0,0,New_Zealand,NZ,NZL,4783062,Oceania,0,0,0,0,Social Distancing and Wearing Masks Enforced
29/01/2020,29,1,2020,0,0,New_Zealand,NZ,NZL,4783062,Oceania,0,0,0,0,Social Distancing and Wearing Masks Enforced
28/01/2020,28,1,2020,0,0,New_Zealand,NZ,NZL,4783062,Oceania,0,0,0,0,Social Distancing and Wearing Masks Enforced
27/01/2020,27,1,2020,0,0,New_Zealand,NZ,NZL,4783062,Oceania,0,0,0,0,Social Distancing and Wearing Masks Enforced
26/01/2020,26,1,2020,0,0,New_Zealand,NZ,NZL,4783062,Oceania,0,0,0,0,Social Distancing and Wearing Masks Enforced
25/01/2020,25,1,2020,0,0,New_Zealand,NZ,NZL,4783062,Oceania,0,0,0,0,Social Distancing and Wearing Masks Enforced
24/01/2020,24,1,2020,0,0,New_Zealand,NZ,NZL,4783062,Oceania,0,0,0,0,Social Distancing and Wearing Masks Enforced
23/01/2020,23,1,2020,0,0,New_Zealand,NZ,NZL,4783062,Oceania,0,0,0,0,Social Distancing and Wearing Masks Enforced
22/01/2020,22,1,2020,0,0,New_Zealand,NZ,NZL,4783062,Oceania,0,0,0,0,Social Distancing and Wearing Masks Enforced
21/01/2020,21,1,2020,0,0,New_Zealand,NZ,NZL,4783062,Oceania,0,0,0,0,Social Distancing and Wearing Masks Enforced
20/01/2020,20,1,2020,0,0,New_Zealand,NZ,NZL,4783062,Oceania,0,0,0,0,Social Distancing and Wearing Masks Enforced
19/01/2020,19,1,2020,0,0,New_Zealand,NZ,NZL,4783062,Oceania,0,0,0,0,Social Distancing and Wearing Masks Enforced
18/01/2020,18,1,2020,0,0,New_Zealand,NZ,NZL,4783062,Oceania,0,0,0,0,Social Distancing and Wearing Masks Enforced
17/01/2020,17,1,2020,0,0,New_Zealand,NZ,NZL,4783062,Oceania,0,0,0,0,Social Distancing and Wearing Masks Enforced
16/01/2020,16,1,2020,0,0,New_Zealand,NZ,NZL,4783062,Oceania,0,0,0,0,Social Distancing and Wearing Masks Enforced
15/01/2020,15,1,2020,0,0,New_Zealand,NZ,NZL,4783062,Oceania,0,0,0,0,Social Distancing and Wearing Masks Enforced
14/01/2020,14,1,2020,0,0,New_Zealand,NZ,NZL,4783062,Oceania,0,0,0,0,Social Distancing and Wearing Masks Enforced
13/01/2020,13,1,2020,0,0,New_Zealand,NZ,NZL,4783062,Oceania,0,0,0,0,Social Distancing and Wearing Masks Enforced
12/01/2020,12,1,2020,0,0,New_Zealand,NZ,NZL,4783062,Oceania,,0,0,0,Social Distancing and Wearing Masks Enforced
11/01/2020,11,1,2020,0,0,New_Zealand,NZ,NZL,4783062,Oceania,,0,0,0,Social Distancing and Wearing Masks Enforced
10/01/2020,10,1,2020,0,0,New_Zealand,NZ,NZL,4783062,Oceania,,0,0,0,Social Distancing and Wearing Masks Enforced
09/01/2020,9,1,2020,0,0,New_Zealand,NZ,NZL,4783062,Oceania,,0,0,0,Social Distancing and Wearing Masks Enforced
08/01/2020,8,1,2020,0,0,New_Zealand,NZ,NZL,4783062,Oceania,,0,0,0,Social Distancing and Wearing Masks Enforced
07/01/2020,7,1,2020,0,0,New_Zealand,NZ,NZL,4783062,Oceania,,0,0,0,Social Distancing and Wearing Masks Enforced
06/01/2020,6,1,2020,0,0,New_Zealand,NZ,NZL,4783062,Oceania,,0,0,0,Social Distancing and Wearing Masks Enforced
05/01/2020,5,1,2020,0,0,New_Zealand,NZ,NZL,4783062,Oceania,,0,0,0,Social Distancing and Wearing Masks Enforced
04/01/2020,4,1,2020,0,0,New_Zealand,NZ,NZL,4783062,Oceania,,0,0,0,Social Distancing and Wearing Masks Enforced
03/01/2020,3,1,2020,0,0,New_Zealand,NZ,NZL,4783062,Oceania,,0,0,0,Social Distancing and Wearing Masks Enforced
02/01/2020,2,1,2020,0,0,New_Zealand,NZ,NZL,4783062,Oceania,,0,0,0,Social Distancing and Wearing Masks Enforced
01/01/2020,1,1,2020,0,0,New_Zealand,NZ,NZL,4783062,Oceania,,0,0,0,Social Distancing and Wearing Masks Enforced
31/12/2019,31,12,2019,0,0,New_Zealand,NZ,NZL,4783062,Oceania,,0,0,0,Social Distancing and Wearing Masks Enforced
