dateRep,day,month,year,cases,deaths,countriesAndTerritories,geoId,countryterritoryCode,popData2019,continentExp,Cumulative_number_for_14_days_of_COVID-19_cases_per_100000,sweden Cases Change,Death Change,As Of Population,Measures,Uk Populaton,Projected Population 
2019-12-31,31,12,2019,0,0,Sweden,SE,SWE,10230185,Europe,,,,0,Social Distancing and Wearing Masks Enforced,4854,4854
2020-01-01,1,1,2020,0,0,Sweden,SE,SWE,10230185,Europe,,0,0,0,Social Distancing and Wearing Masks Enforced,4858,4858
2020-01-02,2,1,2020,0,0,Sweden,SE,SWE,10230185,Europe,,0,0,0,Social Distancing and Wearing Masks Enforced,5131,5131
2020-01-03,3,1,2020,0,0,Sweden,SE,SWE,10230185,Europe,,0,0,0,Social Distancing and Wearing Masks Enforced,4956,4956
2020-01-04,4,1,2020,0,0,Sweden,SE,SWE,10230185,Europe,,0,0,0,Social Distancing and Wearing Masks Enforced,5282,5282
2020-01-05,5,1,2020,0,0,Sweden,SE,SWE,10230185,Europe,,0,0,0,Social Distancing and Wearing Masks Enforced,4178,4178
2020-01-06,6,1,2020,0,0,Sweden,SE,SWE,10230185,Europe,,0,0,0,Social Distancing and Wearing Masks Enforced,5065,5065
2020-01-07,7,1,2020,0,0,Sweden,SE,SWE,10230185,Europe,,0,0,0,Social Distancing and Wearing Masks Enforced,5450,5450
2020-01-08,8,1,2020,0,0,Sweden,SE,SWE,10230185,Europe,,0,0,0,Social Distancing and Wearing Masks Enforced,5158,5158
2020-01-09,9,1,2020,0,0,Sweden,SE,SWE,10230185,Europe,,0,0,0,Social Distancing and Wearing Masks Enforced,4706,4706
2020-01-10,10,1,2020,0,0,Sweden,SE,SWE,10230185,Europe,,0,0,0,Social Distancing and Wearing Masks Enforced,5292,5292
2020-01-11,11,1,2020,0,0,Sweden,SE,SWE,10230185,Europe,,0,0,0,Social Distancing and Wearing Masks Enforced,4326,4326
2020-01-12,12,1,2020,0,0,Sweden,SE,SWE,10230185,Europe,,0,0,0,Social Distancing and Wearing Masks Enforced,4760,4760
2020-01-13,13,1,2020,0,0,Sweden,SE,SWE,10230185,Europe,0,0,0,0,Social Distancing and Wearing Masks Enforced,4313,4313
2020-01-14,14,1,2020,0,0,Sweden,SE,SWE,10230185,Europe,0,0,0,0,Social Distancing and Wearing Masks Enforced,4970,4970
2020-01-15,15,1,2020,0,0,Sweden,SE,SWE,10230185,Europe,0,0,0,0,Social Distancing and Wearing Masks Enforced,4729,4729
2020-01-16,16,1,2020,0,0,Sweden,SE,SWE,10230185,Europe,0,0,0,0,Social Distancing and Wearing Masks Enforced,4911,4911
2020-01-17,17,1,2020,0,0,Sweden,SE,SWE,10230185,Europe,0,0,0,0,Social Distancing and Wearing Masks Enforced,4868,4868
2020-01-18,18,1,2020,0,0,Sweden,SE,SWE,10230185,Europe,0,0,0,0,Social Distancing and Wearing Masks Enforced,3389,3389
2020-01-19,19,1,2020,0,0,Sweden,SE,SWE,10230185,Europe,0,0,0,0,Social Distancing and Wearing Masks Enforced,3489,3489
2020-01-20,20,1,2020,0,0,Sweden,SE,SWE,10230185,Europe,0,0,0,0,Social Distancing and Wearing Masks Enforced,4966,4966
2020-01-21,21,1,2020,0,0,Sweden,SE,SWE,10230185,Europe,0,0,0,0,Social Distancing and Wearing Masks Enforced,18213,18213
2020-01-22,22,1,2020,0,0,Sweden,SE,SWE,10230185,Europe,0,0,0,0,Social Distancing and Wearing Masks Enforced,5487,5487
2020-01-23,23,1,2020,0,0,Sweden,SE,SWE,10230185,Europe,0,0,0,0,Social Distancing and Wearing Masks Enforced,4514,4514
2020-01-24,24,1,2020,0,0,Sweden,SE,SWE,10230185,Europe,0,0,0,0,Social Distancing and Wearing Masks Enforced,3579,3579
2020-01-25,25,1,2020,0,0,Sweden,SE,SWE,10230185,Europe,0,0,0,0,Social Distancing and Wearing Masks Enforced,4913,4913
2020-01-26,26,1,2020,0,0,Sweden,SE,SWE,10230185,Europe,0,0,0,0,Social Distancing and Wearing Masks Enforced,16170,16170
2020-01-27,27,1,2020,0,0,Sweden,SE,SWE,10230185,Europe,0,0,0,0,Social Distancing and Wearing Masks Enforced,3682,3682
2020-01-28,28,1,2020,0,0,Sweden,SE,SWE,10230185,Europe,0,0,0,0,Social Distancing and Wearing Masks Enforced,5442,5442
2020-01-29,29,1,2020,0,0,Sweden,SE,SWE,10230185,Europe,0,0,0,0,Social Distancing and Wearing Masks Enforced,3586,3586
2020-01-30,30,1,2020,0,0,Sweden,SE,SWE,10230185,Europe,0,0,0,0,Social Distancing and Wearing Masks Enforced,11299,11299
2020-01-31,31,1,2020,0,0,Sweden,SE,SWE,10230185,Europe,0,0,0,0,Social Distancing and Wearing Masks Enforced,13429,13429
2020-02-01,1,2,2020,0,0,Sweden,SE,SWE,10230185,Europe,0,0,0,0,Social Distancing and Wearing Masks Enforced,12281,12281
2020-02-02,2,2,2020,0,0,Sweden,SE,SWE,10230185,Europe,0,0,0,0,Social Distancing and Wearing Masks Enforced,4020,4020
2020-02-03,3,2,2020,0,0,Sweden,SE,SWE,10230185,Europe,0,0,0,0,Social Distancing and Wearing Masks Enforced,20051,20051
2020-02-04,4,2,2020,0,0,Sweden,SE,SWE,10230185,Europe,0,0,0,0,Social Distancing and Wearing Masks Enforced,22950,22950
2020-02-05,5,2,2020,1,0,Sweden,SE,SWE,10230185,Europe,0,1,0,9.77499E-08,Social Distancing and Wearing Masks Enforced,4737,4738
2020-02-06,6,2,2020,0,0,Sweden,SE,SWE,10230185,Europe,0.00977499,-1,0,0,Social Distancing and Wearing Masks Enforced,3767,3766
2020-02-07,7,2,2020,0,0,Sweden,SE,SWE,10230185,Europe,0.00977499,0,0,0,Social Distancing and Wearing Masks Enforced,3853,3853
2020-02-08,8,2,2020,0,0,Sweden,SE,SWE,10230185,Europe,0.00977499,0,0,0,Social Distancing and Wearing Masks Enforced,3592,3592
2020-02-09,9,2,2020,0,0,Sweden,SE,SWE,10230185,Europe,0.00977499,0,0,0,Social Distancing and Wearing Masks Enforced,33470,33470
2020-02-10,10,2,2020,0,0,Sweden,SE,SWE,10230185,Europe,0.00977499,0,0,0,Social Distancing and Wearing Masks Enforced,20412,20412
2020-02-11,11,2,2020,0,0,Sweden,SE,SWE,10230185,Europe,0.00977499,0,0,0,Social Distancing and Wearing Masks Enforced,19609,19609
2020-02-12,12,2,2020,0,0,Sweden,SE,SWE,10230185,Europe,0.00977499,0,0,0,Social Distancing and Wearing Masks Enforced,14739,14739
2020-02-13,13,2,2020,0,0,Sweden,SE,SWE,10230185,Europe,0.00977499,0,0,0,Social Distancing and Wearing Masks Enforced,20252,20252
2020-02-14,14,2,2020,0,0,Sweden,SE,SWE,10230185,Europe,0.00977499,0,0,0,Social Distancing and Wearing Masks Enforced,16298,16298
2020-02-15,15,2,2020,0,0,Sweden,SE,SWE,10230185,Europe,0.00977499,0,0,0,Social Distancing and Wearing Masks Enforced,22915,22915
2020-02-16,16,2,2020,0,0,Sweden,SE,SWE,10230185,Europe,0.00977499,0,0,0,Social Distancing and Wearing Masks Enforced,2589,2589
2020-02-17,17,2,2020,0,0,Sweden,SE,SWE,10230185,Europe,0.00977499,0,0,0,Social Distancing and Wearing Masks Enforced,17555,17555
2020-02-18,18,2,2020,0,0,Sweden,SE,SWE,10230185,Europe,0.00977499,0,0,0,Social Distancing and Wearing Masks Enforced,25177,25177
2020-02-19,19,2,2020,0,0,Sweden,SE,SWE,10230185,Europe,0.00977499,0,0,0,Social Distancing and Wearing Masks Enforced,15871,15871
2020-02-20,20,2,2020,0,0,Sweden,SE,SWE,10230185,Europe,0,0,0,0,Social Distancing and Wearing Masks Enforced,15450,15450
2020-02-21,21,2,2020,0,0,Sweden,SE,SWE,10230185,Europe,0,0,0,0,Social Distancing and Wearing Masks Enforced,26860,26860
2020-02-22,22,2,2020,0,0,Sweden,SE,SWE,10230185,Europe,0,0,0,0,Social Distancing and Wearing Masks Enforced,3827,3827
2020-02-23,23,2,2020,0,0,Sweden,SE,SWE,10230185,Europe,0,0,0,0,Social Distancing and Wearing Masks Enforced,3402,3402
2020-02-24,24,2,2020,0,0,Sweden,SE,SWE,10230185,Europe,0,0,0,0,Social Distancing and Wearing Masks Enforced,4721,4721
2020-02-25,25,2,2020,0,0,Sweden,SE,SWE,10230185,Europe,0,0,0,0,Social Distancing and Wearing Masks Enforced,1672,1672
2020-02-26,26,2,2020,0,0,Sweden,SE,SWE,10230185,Europe,0,0,0,0,Social Distancing and Wearing Masks Enforced,14878,14878
2020-02-27,27,2,2020,1,0,Sweden,SE,SWE,10230185,Europe,0,1,0,9.77499E-08,Social Distancing and Wearing Masks Enforced,24957,24958
2020-02-28,28,2,2020,1,0,Sweden,SE,SWE,10230185,Europe,0.00977499,0,0,9.77499E-08,Social Distancing and Wearing Masks Enforced,2526,2526
2020-02-29,29,2,2020,8,0,Sweden,SE,SWE,10230185,Europe,0.01954999,7,0,7.82E-07,Social Distancing and Wearing Masks Enforced,4273,4280
2020-03-01,1,3,2020,3,0,Sweden,SE,SWE,10230185,Europe,0.09774994,-5,0,2.9325E-07,Social Distancing and Wearing Masks Enforced,15539,15534
2020-03-02,2,3,2020,0,0,Sweden,SE,SWE,10230185,Europe,0.01954999,-3,0,0,Social Distancing and Wearing Masks Enforced,20018,20015
2020-03-03,3,3,2020,5,0,Sweden,SE,SWE,10230185,Europe,0.12707493,5,0,4.8875E-07,Social Distancing and Wearing Masks Enforced,1527,1532
2020-03-04,4,3,2020,13,0,Sweden,SE,SWE,10230185,Europe,0.1759499,8,0,1.27075E-06,Social Distancing and Wearing Masks Enforced,24138,24146
2020-03-05,5,3,2020,30,0,Sweden,SE,SWE,10230185,Europe,0.30302482,17,0,2.9325E-06,Social Distancing and Wearing Masks Enforced,27301,27318
2020-03-06,6,3,2020,25,0,Sweden,SE,SWE,10230185,Europe,0.59627465,-5,0,2.44375E-06,Social Distancing and Wearing Masks Enforced,2858,2853
2020-03-07,7,3,2020,59,0,Sweden,SE,SWE,10230185,Europe,0.84064951,34,0,5.76725E-06,Social Distancing and Wearing Masks Enforced,22885,22919
2020-03-08,8,3,2020,33,0,Sweden,SE,SWE,10230185,Europe,1.41737417,-26,0,3.22575E-06,Social Distancing and Wearing Masks Enforced,3748,3722
2020-03-09,9,3,2020,46,0,Sweden,SE,SWE,10230185,Europe,1.73994898,13,0,4.4965E-06,Social Distancing and Wearing Masks Enforced,23287,23300
2020-03-10,10,3,2020,101,0,Sweden,SE,SWE,10230185,Europe,2.18959872,55,0,9.87274E-06,Social Distancing and Wearing Masks Enforced,3307,3362
2020-03-11,11,3,2020,98,0,Sweden,SE,SWE,10230185,Europe,3.17687315,-3,0,9.57949E-06,Social Distancing and Wearing Masks Enforced,2628,2625
2020-03-12,12,3,2020,196,28,Sweden,SE,SWE,10230185,Europe,4.13482259,98,28,1.9159E-05,Social Distancing and Wearing Masks Enforced,1835,1933
2020-03-13,13,3,2020,151,0,Sweden,SE,SWE,10230185,Europe,6.04094647,-45,-28,1.47602E-05,Social Distancing and Wearing Masks Enforced,19875,19830
2020-03-14,14,3,2020,152,1,Sweden,SE,SWE,10230185,Europe,7.50719562,1,1,1.4858E-05,Social Distancing and Wearing Masks Enforced,3052,3053
2020-03-15,15,3,2020,71,1,Sweden,SE,SWE,10230185,Europe,8.9147948,-81,0,6.94025E-06,Social Distancing and Wearing Masks Enforced,21915,21834
2020-03-16,16,3,2020,69,2,Sweden,SE,SWE,10230185,Europe,9.57949441,-2,1,6.74475E-06,Social Distancing and Wearing Masks Enforced,3473,3471
2020-03-17,17,3,2020,83,2,Sweden,SE,SWE,10230185,Europe,10.25396901,14,0,8.11325E-06,Social Distancing and Wearing Masks Enforced,24700,24714
2020-03-18,18,3,2020,119,1,Sweden,SE,SWE,10230185,Europe,11.01641857,36,-1,1.16322E-05,Social Distancing and Wearing Masks Enforced,3197,3233
2020-03-19,19,3,2020,145,6,Sweden,SE,SWE,10230185,Europe,12.05256796,26,5,1.41737E-05,Social Distancing and Wearing Masks Enforced,2574,2600
2020-03-20,20,3,2020,143,7,Sweden,SE,SWE,10230185,Europe,13.17669231,-2,1,1.39782E-05,Social Distancing and Wearing Masks Enforced,3087,3085
2020-03-21,21,3,2020,180,9,Sweden,SE,SWE,10230185,Europe,14.33014163,37,2,1.7595E-05,Social Distancing and Wearing Masks Enforced,23065,23102
2020-03-22,22,3,2020,136,8,Sweden,SE,SWE,10230185,Europe,15.51291594,-44,-1,1.3294E-05,Social Distancing and Wearing Masks Enforced,3063,3019
2020-03-23,23,3,2020,118,11,Sweden,SE,SWE,10230185,Europe,16.51974036,-18,3,1.15345E-05,Social Distancing and Wearing Masks Enforced,24405,24387
2020-03-24,24,3,2020,182,11,Sweden,SE,SWE,10230185,Europe,17.22353995,64,0,1.77905E-05,Social Distancing and Wearing Masks Enforced,1760,1824
2020-03-25,25,3,2020,230,21,Sweden,SE,SWE,10230185,Europe,18.01531448,48,10,2.24825E-05,Social Distancing and Wearing Masks Enforced,2718,2766
2020-03-26,26,3,2020,314,22,Sweden,SE,SWE,10230185,Europe,19.30561373,84,1,3.06935E-05,Social Distancing and Wearing Masks Enforced,2982,3066
2020-03-27,27,3,2020,286,31,Sweden,SE,SWE,10230185,Europe,20.45906306,-28,9,2.79565E-05,Social Distancing and Wearing Masks Enforced,1243,1215
2020-03-28,28,3,2020,365,32,Sweden,SE,SWE,10230185,Europe,21.77868729,79,1,3.56787E-05,Social Distancing and Wearing Masks Enforced,1484,1563
2020-03-29,29,3,2020,300,35,Sweden,SE,SWE,10230185,Europe,23.86076107,-65,3,2.9325E-05,Social Distancing and Wearing Masks Enforced,3229,3164
2020-03-30,30,3,2020,280,38,Sweden,SE,SWE,10230185,Europe,26.09923476,-20,3,2.737E-05,Social Distancing and Wearing Masks Enforced,1441,1421
2020-03-31,31,3,2020,416,45,Sweden,SE,SWE,10230185,Europe,28.16175856,136,7,4.0664E-05,Social Distancing and Wearing Masks Enforced,21330,21466
2020-04-01,1,4,2020,475,48,Sweden,SE,SWE,10230185,Europe,31.41683166,59,3,4.64312E-05,Social Distancing and Wearing Masks Enforced,17271,17330
2020-04-02,2,4,2020,486,53,Sweden,SE,SWE,10230185,Europe,34.89672963,11,5,4.75065E-05,Social Distancing and Wearing Masks Enforced,20531,20542
2020-04-03,3,4,2020,554,70,Sweden,SE,SWE,10230185,Europe,38.23000268,68,17,5.41535E-05,Social Distancing and Wearing Masks Enforced,2062,2130
2020-04-04,4,4,2020,601,80,Sweden,SE,SWE,10230185,Europe,42.24752534,47,10,5.87477E-05,Social Distancing and Wearing Masks Enforced,2157,2204
2020-04-05,5,4,2020,357,70,Sweden,SE,SWE,10230185,Europe,46.36279794,-244,-10,3.48967E-05,Social Distancing and Wearing Masks Enforced,12155,11911
2020-04-06,6,4,2020,340,85,Sweden,SE,SWE,10230185,Europe,48.52307167,-17,15,3.3235E-05,Social Distancing and Wearing Masks Enforced,21363,21346
2020-04-07,7,4,2020,389,90,Sweden,SE,SWE,10230185,Europe,50.69312041,49,5,3.80247E-05,Social Distancing and Wearing Masks Enforced,2822,2871
2020-04-08,8,4,2020,738,84,Sweden,SE,SWE,10230185,Europe,52.71654423,349,-6,7.21395E-05,Social Distancing and Wearing Masks Enforced,12330,12679
2020-04-09,9,4,2020,654,115,Sweden,SE,SWE,10230185,Europe,57.68224133,-84,31,6.39285E-05,Social Distancing and Wearing Masks Enforced,1099,1015
2020-04-10,10,4,2020,645,86,Sweden,SE,SWE,10230185,Europe,61.00573939,-9,-29,6.30487E-05,Social Distancing and Wearing Masks Enforced,21350,21341
2020-04-11,11,4,2020,454,90,Sweden,SE,SWE,10230185,Europe,64.51496234,-191,4,4.43785E-05,Social Distancing and Wearing Masks Enforced,26687,26496
2020-04-12,12,4,2020,395,102,Sweden,SE,SWE,10230185,Europe,65.38493683,-59,12,3.86112E-05,Social Distancing and Wearing Masks Enforced,2375,2316
2020-04-13,13,4,2020,464,97,Sweden,SE,SWE,10230185,Europe,66.31356129,69,-5,4.5356E-05,Social Distancing and Wearing Masks Enforced,14718,14787
2020-04-14,14,4,2020,437,84,Sweden,SE,SWE,10230185,Europe,68.11216024,-27,-13,4.27167E-05,Social Distancing and Wearing Masks Enforced,21238,21211
2020-04-15,15,4,2020,479,92,Sweden,SE,SWE,10230185,Europe,68.31743512,42,8,4.68222E-05,Social Distancing and Wearing Masks Enforced,2329,2371
2020-04-16,16,4,2020,604,115,Sweden,SE,SWE,10230185,Europe,68.3565351,125,23,5.9041E-05,Social Distancing and Wearing Masks Enforced,2692,2817
2020-04-17,17,4,2020,623,111,Sweden,SE,SWE,10230185,Europe,69.50998442,19,-4,6.08982E-05,Social Distancing and Wearing Masks Enforced,23012,23031
2020-04-18,18,4,2020,688,83,Sweden,SE,SWE,10230185,Europe,70.18445903,65,-28,6.7252E-05,Social Distancing and Wearing Masks Enforced,24962,25027
2020-04-19,19,4,2020,532,86,Sweden,SE,SWE,10230185,Europe,71.03488353,-156,3,5.2003E-05,Social Distancing and Wearing Masks Enforced,1158,1002
2020-04-20,20,4,2020,388,87,Sweden,SE,SWE,10230185,Europe,72.74550753,-144,1,3.7927E-05,Social Distancing and Wearing Masks Enforced,23254,23110
2020-04-21,21,4,2020,461,85,Sweden,SE,SWE,10230185,Europe,73.21470726,73,-2,4.50627E-05,Social Distancing and Wearing Masks Enforced,20572,20645
2020-04-22,22,4,2020,707,62,Sweden,SE,SWE,10230185,Europe,73.91850685,246,-23,6.91092E-05,Social Distancing and Wearing Masks Enforced,1527,1773
2020-04-23,23,4,2020,722,77,Sweden,SE,SWE,10230185,Europe,73.61548203,15,15,7.05755E-05,Social Distancing and Wearing Masks Enforced,19790,19805
2020-04-24,24,4,2020,758,86,Sweden,SE,SWE,10230185,Europe,74.28018164,36,9,7.40945E-05,Social Distancing and Wearing Masks Enforced,16171,16207
2020-04-25,25,4,2020,780,89,Sweden,SE,SWE,10230185,Europe,75.38475599,22,3,7.6245E-05,Social Distancing and Wearing Masks Enforced,2338,2360
2020-04-26,26,4,2020,473,73,Sweden,SE,SWE,10230185,Europe,78.57140413,-307,-16,4.62357E-05,Social Distancing and Wearing Masks Enforced,1838,1531
2020-04-27,27,4,2020,300,74,Sweden,SE,SWE,10230185,Europe,79.33385369,-173,1,2.9325E-05,Social Distancing and Wearing Masks Enforced,17232,17059
2020-04-28,28,4,2020,563,74,Sweden,SE,SWE,10230185,Europe,77.73075462,263,0,5.50332E-05,Social Distancing and Wearing Masks Enforced,1120,1383
2020-04-29,29,4,2020,742,83,Sweden,SE,SWE,10230185,Europe,78.96240391,179,9,7.25305E-05,Social Distancing and Wearing Masks Enforced,18978,19157
2020-04-30,30,4,2020,798,83,Sweden,SE,SWE,10230185,Europe,81.5332274,56,0,7.80045E-05,Social Distancing and Wearing Masks Enforced,19724,19780
2020-05-01,1,5,2020,636,78,Sweden,SE,SWE,10230185,Europe,83.4295763,-162,-5,6.2169E-05,Social Distancing and Wearing Masks Enforced,18950,18788
2020-05-02,2,5,2020,532,78,Sweden,SE,SWE,10230185,Europe,83.55665122,-104,0,5.2003E-05,Social Distancing and Wearing Masks Enforced,15635,15531
2020-05-03,3,5,2020,299,73,Sweden,SE,SWE,10230185,Europe,82.03175211,-233,-5,2.92272E-05,Social Distancing and Wearing Masks Enforced,1017,784
2020-05-04,4,5,2020,261,75,Sweden,SE,SWE,10230185,Europe,79.75417844,-38,2,2.55127E-05,Social Distancing and Wearing Masks Enforced,1624,1586
2020-05-05,5,5,2020,477,84,Sweden,SE,SWE,10230185,Europe,78.51275417,216,9,4.66267E-05,Social Distancing and Wearing Masks Enforced,1356,1572
2020-05-06,6,5,2020,657,72,Sweden,SE,SWE,10230185,Europe,78.66915408,180,-12,6.42217E-05,Social Distancing and Wearing Masks Enforced,18662,18842
2020-05-07,7,5,2020,745,73,Sweden,SE,SWE,10230185,Europe,78.18040436,88,1,7.28237E-05,Social Distancing and Wearing Masks Enforced,1043,1131
2020-05-08,8,5,2020,784,80,Sweden,SE,SWE,10230185,Europe,78.40522923,39,7,7.6636E-05,Social Distancing and Wearing Masks Enforced,1102,1141
2020-05-09,9,5,2020,700,60,Sweden,SE,SWE,10230185,Europe,78.65937908,-84,-20,6.8425E-05,Social Distancing and Wearing Masks Enforced,1052,968
2020-05-10,10,5,2020,509,68,Sweden,SE,SWE,10230185,Europe,77.87737954,-191,8,4.97547E-05,Social Distancing and Wearing Masks Enforced,1364,1173
2020-05-11,11,5,2020,279,73,Sweden,SE,SWE,10230185,Europe,78.22927933,-230,5,2.72722E-05,Social Distancing and Wearing Masks Enforced,20890,20660
2020-05-12,12,5,2020,455,65,Sweden,SE,SWE,10230185,Europe,78.02400445,176,-8,4.44762E-05,Social Distancing and Wearing Masks Enforced,778,954
2020-05-13,13,5,2020,754,61,Sweden,SE,SWE,10230185,Europe,76.96830507,299,-4,7.37035E-05,Social Distancing and Wearing Masks Enforced,617,916
2020-05-14,14,5,2020,698,50,Sweden,SE,SWE,10230185,Europe,77.085605,-56,-11,6.82295E-05,Social Distancing and Wearing Masks Enforced,896,840
2020-05-15,15,5,2020,657,46,Sweden,SE,SWE,10230185,Europe,76.10810557,-41,-4,6.42217E-05,Social Distancing and Wearing Masks Enforced,13864,13823
2020-05-16,16,5,2020,688,58,Sweden,SE,SWE,10230185,Europe,76.31338045,31,12,6.7252E-05,Social Distancing and Wearing Masks Enforced,886,917
2020-05-17,17,5,2020,358,48,Sweden,SE,SWE,10230185,Europe,77.83827956,-330,-10,3.49945E-05,Social Distancing and Wearing Masks Enforced,1079,749
2020-05-18,18,5,2020,259,53,Sweden,SE,SWE,10230185,Europe,78.41500423,-99,5,2.53172E-05,Social Distancing and Wearing Masks Enforced,1027,928
2020-05-19,19,5,2020,430,59,Sweden,SE,SWE,10230185,Europe,78.39545424,171,6,4.20325E-05,Social Distancing and Wearing Masks Enforced,15165,15336
2020-05-20,20,5,2020,666,41,Sweden,SE,SWE,10230185,Europe,77.9360295,236,-18,6.51015E-05,Social Distancing and Wearing Masks Enforced,18803,19039
2020-05-21,21,5,2020,808,52,Sweden,SE,SWE,10230185,Europe,78.02400445,142,11,7.8982E-05,Social Distancing and Wearing Masks Enforced,17540,17682
2020-05-22,22,5,2020,610,53,Sweden,SE,SWE,10230185,Europe,78.63982909,-198,1,5.96275E-05,Social Distancing and Wearing Masks Enforced,721,523
2020-05-23,23,5,2020,532,56,Sweden,SE,SWE,10230185,Europe,76.93898009,-78,3,5.2003E-05,Social Distancing and Wearing Masks Enforced,14542,14464
2020-05-24,24,5,2020,403,55,Sweden,SE,SWE,10230185,Europe,75.29678105,-129,-1,3.93932E-05,Social Distancing and Wearing Masks Enforced,1199,1070
2020-05-25,25,5,2020,210,44,Sweden,SE,SWE,10230185,Europe,74.26063165,-193,-11,2.05275E-05,Social Distancing and Wearing Masks Enforced,1378,1185
2020-05-26,26,5,2020,491,42,Sweden,SE,SWE,10230185,Europe,73.58615704,281,-2,4.79952E-05,Social Distancing and Wearing Masks Enforced,7108,7389
2020-05-27,27,5,2020,746,28,Sweden,SE,SWE,10230185,Europe,73.93805684,255,-14,7.29215E-05,Social Distancing and Wearing Masks Enforced,7143,7398
2020-05-28,28,5,2020,800,38,Sweden,SE,SWE,10230185,Europe,73.85985688,54,10,7.82E-05,Social Distancing and Wearing Masks Enforced,986,1040
2020-05-29,29,5,2020,774,40,Sweden,SE,SWE,10230185,Europe,74.8569063,-26,2,7.56585E-05,Social Distancing and Wearing Masks Enforced,14162,14136
2020-05-30,30,5,2020,773,41,Sweden,SE,SWE,10230185,Europe,76.00058063,-1,1,7.55607E-05,Social Distancing and Wearing Masks Enforced,16981,16980
2020-05-31,31,5,2020,432,39,Sweden,SE,SWE,10230185,Europe,76.83145515,-341,-2,4.2228E-05,Social Distancing and Wearing Masks Enforced,1013,672
2020-06-01,1,6,2020,265,46,Sweden,SE,SWE,10230185,Europe,77.55480473,-167,7,2.59037E-05,Social Distancing and Wearing Masks Enforced,2079,1912
2020-06-02,2,6,2020,648,39,Sweden,SE,SWE,10230185,Europe,77.61345469,383,-7,6.3342E-05,Social Distancing and Wearing Masks Enforced,6968,7351
2020-06-03,3,6,2020,900,36,Sweden,SE,SWE,10230185,Europe,79.74440345,252,-3,8.79749E-05,Social Distancing and Wearing Masks Enforced,12872,13124
2020-06-04,4,6,2020,1046,28,Sweden,SE,SWE,10230185,Europe,82.03175211,146,-8,0.000102246,Social Distancing and Wearing Masks Enforced,1125,1271
2020-06-05,5,6,2020,1039,43,Sweden,SE,SWE,10230185,Europe,84.35820076,-7,15,0.000101562,Social Distancing and Wearing Masks Enforced,6914,6907
2020-06-06,6,6,2020,1146,37,Sweden,SE,SWE,10230185,Europe,88.55167331,107,-6,0.000112021,Social Distancing and Wearing Masks Enforced,1255,1362
2020-06-07,7,6,2020,780,29,Sweden,SE,SWE,10230185,Europe,94.5535198,-366,-8,7.6245E-05,Social Distancing and Wearing Masks Enforced,597,231
2020-06-08,8,6,2020,462,33,Sweden,SE,SWE,10230185,Europe,98.23869265,-318,4,4.51605E-05,Social Distancing and Wearing Masks Enforced,704,386
2020-06-09,9,6,2020,677,38,Sweden,SE,SWE,10230185,Europe,100.7019912,215,5,6.61767E-05,Social Distancing and Wearing Masks Enforced,801,1016
2020-06-10,10,6,2020,937,33,Sweden,SE,SWE,10230185,Europe,102.5201402,260,-5,9.15917E-05,Social Distancing and Wearing Masks Enforced,730,990
2020-06-11,11,6,2020,1437,40,Sweden,SE,SWE,10230185,Europe,104.3871641,500,7,0.000140467,Social Distancing and Wearing Masks Enforced,13972,14472
2020-06-12,12,6,2020,1293,35,Sweden,SE,SWE,10230185,Europe,110.6138354,-144,-5,0.000126391,Social Distancing and Wearing Masks Enforced,12871,12727
2020-06-13,13,6,2020,1329,29,Sweden,SE,SWE,10230185,Europe,115.6870575,36,-6,0.00012991,Social Distancing and Wearing Masks Enforced,602,638
2020-06-14,14,6,2020,1032,33,Sweden,SE,SWE,10230185,Europe,121.1219543,-297,4,0.000100878,Social Distancing and Wearing Masks Enforced,721,424
2020-06-15,15,6,2020,418,27,Sweden,SE,SWE,10230185,Europe,126.9869509,-614,-6,4.08595E-05,Social Distancing and Wearing Masks Enforced,999,385
2020-06-16,16,6,2020,685,30,Sweden,SE,SWE,10230185,Europe,128.482525,267,3,6.69587E-05,Social Distancing and Wearing Masks Enforced,726,993
2020-06-17,17,6,2020,1209,28,Sweden,SE,SWE,10230185,Europe,128.8441998,524,-2,0.00011818,Social Distancing and Wearing Masks Enforced,651,1175
2020-06-18,18,6,2020,1457,32,Sweden,SE,SWE,10230185,Europe,131.864673,248,4,0.000142422,Social Distancing and Wearing Masks Enforced,6634,6882
2020-06-19,19,6,2020,1494,29,Sweden,SE,SWE,10230185,Europe,135.8821957,37,-3,0.000146038,Social Distancing and Wearing Masks Enforced,671,708
2020-06-20,20,6,2020,1209,30,Sweden,SE,SWE,10230185,Europe,140.3298181,-285,1,0.00011818,Social Distancing and Wearing Masks Enforced,6178,5893
2020-06-21,21,6,2020,698,29,Sweden,SE,SWE,10230185,Europe,140.9456427,-511,-1,6.82295E-05,Social Distancing and Wearing Masks Enforced,4926,4415
2020-06-22,22,6,2020,321,22,Sweden,SE,SWE,10230185,Europe,140.1440932,-377,-7,3.13777E-05,Social Distancing and Wearing Masks Enforced,1198,821
2020-06-23,23,6,2020,800,20,Sweden,SE,SWE,10230185,Europe,138.765819,479,-2,7.82E-05,Social Distancing and Wearing Masks Enforced,6041,6520
2020-06-24,24,6,2020,1309,25,Sweden,SE,SWE,10230185,Europe,139.9681433,509,5,0.000127955,Social Distancing and Wearing Masks Enforced,6873,7382
2020-06-25,25,6,2020,1698,22,Sweden,SE,SWE,10230185,Europe,143.6044412,389,-3,0.000165979,Social Distancing and Wearing Masks Enforced,763,1152
2020-06-26,26,6,2020,1279,23,Sweden,SE,SWE,10230185,Europe,146.1557147,-419,1,0.000125022,Social Distancing and Wearing Masks Enforced,715,296
2020-06-27,27,6,2020,1204,11,Sweden,SE,SWE,10230185,Europe,146.0188648,-75,-12,0.000117691,Social Distancing and Wearing Masks Enforced,769,694
2020-06-28,28,6,2020,755,14,Sweden,SE,SWE,10230185,Europe,144.7969905,-449,3,7.38012E-05,Social Distancing and Wearing Masks Enforced,22961,22512
2020-06-29,29,6,2020,415,23,Sweden,SE,SWE,10230185,Europe,142.0893171,-340,9,4.05662E-05,Social Distancing and Wearing Masks Enforced,2460,2120
2020-06-30,30,6,2020,727,16,Sweden,SE,SWE,10230185,Europe,142.0599921,312,-7,7.10642E-05,Social Distancing and Wearing Masks Enforced,731,1043
2020-07-01,1,7,2020,804,20,Sweden,SE,SWE,10230185,Europe,142.4705418,77,4,7.8591E-05,Social Distancing and Wearing Masks Enforced,579,656
2020-07-02,2,7,2020,684,15,Sweden,SE,SWE,10230185,Europe,138.5116691,-120,-5,6.6861E-05,Social Distancing and Wearing Masks Enforced,1055,935
2020-07-03,3,7,2020,687,15,Sweden,SE,SWE,10230185,Europe,130.9555986,3,0,6.71542E-05,Social Distancing and Wearing Masks Enforced,693,696
2020-07-04,4,7,2020,694,8,Sweden,SE,SWE,10230185,Europe,123.0671782,7,-7,6.78385E-05,Social Distancing and Wearing Masks Enforced,649,656
2020-07-05,5,7,2020,364,15,Sweden,SE,SWE,10230185,Europe,118.0330561,-330,7,3.5581E-05,Social Distancing and Wearing Masks Enforced,687,357
2020-07-06,6,7,2020,315,9,Sweden,SE,SWE,10230185,Europe,114.768208,-49,-6,3.07912E-05,Social Distancing and Wearing Masks Enforced,822,773
2020-07-07,7,7,2020,251,15,Sweden,SE,SWE,10230185,Europe,114.709558,-64,6,2.45352E-05,Social Distancing and Wearing Masks Enforced,4422,4358
2020-07-08,8,7,2020,278,12,Sweden,SE,SWE,10230185,Europe,109.3430862,27,-3,2.71745E-05,Social Distancing and Wearing Masks Enforced,4322,4349
2020-07-09,9,7,2020,533,11,Sweden,SE,SWE,10230185,Europe,99.26506705,255,-1,5.21007E-05,Social Distancing and Wearing Masks Enforced,3103,3358
2020-07-10,10,7,2020,334,15,Sweden,SE,SWE,10230185,Europe,87.8771987,-199,4,3.26485E-05,Social Distancing and Wearing Masks Enforced,890,691
2020-07-11,11,7,2020,369,14,Sweden,SE,SWE,10230185,Europe,78.63982909,35,-1,3.60697E-05,Social Distancing and Wearing Masks Enforced,704,739
2020-07-12,12,7,2020,308,10,Sweden,SE,SWE,10230185,Europe,70.47770886,-61,-4,3.0107E-05,Social Distancing and Wearing Masks Enforced,685,624
2020-07-13,13,7,2020,106,8,Sweden,SE,SWE,10230185,Europe,66.10828641,-202,-2,1.03615E-05,Social Distancing and Wearing Masks Enforced,793,591
2020-07-14,14,7,2020,170,12,Sweden,SE,SWE,10230185,Europe,63.08781317,64,4,1.66175E-05,Social Distancing and Wearing Masks Enforced,772,836
2020-07-15,15,7,2020,312,8,Sweden,SE,SWE,10230185,Europe,57.64314135,142,-4,3.0498E-05,Social Distancing and Wearing Masks Enforced,442,584
2020-07-16,16,7,2020,287,6,Sweden,SE,SWE,10230185,Europe,52.83384416,-25,-2,2.80542E-05,Social Distancing and Wearing Masks Enforced,3395,3370
2020-07-17,17,7,2020,268,6,Sweden,SE,SWE,10230185,Europe,48.95317142,-19,0,2.6197E-05,Social Distancing and Wearing Masks Enforced,70,51
2020-07-18,18,7,2020,284,7,Sweden,SE,SWE,10230185,Europe,44.85744881,16,1,2.7761E-05,Social Distancing and Wearing Masks Enforced,446,462
2020-07-19,19,7,2020,191,11,Sweden,SE,SWE,10230185,Europe,40.84970115,-93,4,1.86702E-05,Social Distancing and Wearing Masks Enforced,3991,3898
2020-07-20,20,7,2020,110,7,Sweden,SE,SWE,10230185,Europe,39.15862714,-81,-4,1.07525E-05,Social Distancing and Wearing Masks Enforced,1009,928
2020-07-21,21,7,2020,131,6,Sweden,SE,SWE,10230185,Europe,37.15475331,21,-1,1.28052E-05,Social Distancing and Wearing Masks Enforced,880,901
2020-07-22,22,7,2020,226,7,Sweden,SE,SWE,10230185,Europe,35.981754,95,1,2.20915E-05,Social Distancing and Wearing Masks Enforced,12593,12688
2020-07-23,23,7,2020,297,6,Sweden,SE,SWE,10230185,Europe,35.47345429,71,-1,2.90317E-05,Social Distancing and Wearing Masks Enforced,401,472
2020-07-24,24,7,2020,220,5,Sweden,SE,SWE,10230185,Europe,33.16655564,-77,-1,2.1505E-05,Social Distancing and Wearing Masks Enforced,478,401
2020-07-25,25,7,2020,262,3,Sweden,SE,SWE,10230185,Europe,32.05220629,42,-2,2.56105E-05,Social Distancing and Wearing Masks Enforced,3899,3941
2020-07-26,26,7,2020,138,1,Sweden,SE,SWE,10230185,Europe,31.0062819,-124,-2,1.34895E-05,Social Distancing and Wearing Masks Enforced,1288,1164
2020-07-27,27,7,2020,42,2,Sweden,SE,SWE,10230185,Europe,29.34453287,-96,1,4.1055E-06,Social Distancing and Wearing Masks Enforced,1129,1033
2020-07-28,28,7,2020,71,6,Sweden,SE,SWE,10230185,Europe,28.71893324,29,4,6.94025E-06,Social Distancing and Wearing Masks Enforced,816,845
2020-07-29,29,7,2020,283,4,Sweden,SE,SWE,10230185,Europe,27.7512088,212,-2,2.76632E-05,Social Distancing and Wearing Masks Enforced,950,1162
2020-07-30,30,7,2020,301,1,Sweden,SE,SWE,10230185,Europe,27.46773397,18,-3,2.94227E-05,Social Distancing and Wearing Masks Enforced,670,688
2020-07-31,31,7,2020,302,0,Sweden,SE,SWE,10230185,Europe,27.60458389,1,-1,2.95205E-05,Social Distancing and Wearing Masks Enforced,5692,5693
2020-08-01,1,8,2020,258,2,Sweden,SE,SWE,10230185,Europe,27.93693369,-44,2,2.52195E-05,Social Distancing and Wearing Masks Enforced,751,707
2020-08-02,2,8,2020,303,2,Sweden,SE,SWE,10230185,Europe,27.68278384,45,0,2.96182E-05,Social Distancing and Wearing Masks Enforced,565,610
2020-08-03,3,8,2020,38,3,Sweden,SE,SWE,10230185,Europe,28.7775832,-265,1,3.7145E-06,Social Distancing and Wearing Masks Enforced,611,346
2020-08-04,4,8,2020,165,4,Sweden,SE,SWE,10230185,Europe,28.07378361,127,1,1.61287E-05,Social Distancing and Wearing Masks Enforced,1048,1175
2020-08-05,5,8,2020,333,2,Sweden,SE,SWE,10230185,Europe,28.40613342,168,-2,3.25507E-05,Social Distancing and Wearing Masks Enforced,1184,1352
2020-08-06,6,8,2020,425,1,Sweden,SE,SWE,10230185,Europe,29.45205781,92,-1,4.15437E-05,Social Distancing and Wearing Masks Enforced,812,904
2020-08-07,7,8,2020,378,4,Sweden,SE,SWE,10230185,Europe,30.70325708,-47,3,3.69495E-05,Social Distancing and Wearing Masks Enforced,667,620
2020-08-08,8,8,2020,380,2,Sweden,SE,SWE,10230185,Europe,32.24770618,2,-2,3.7145E-05,Social Distancing and Wearing Masks Enforced,2919,2921
2020-08-09,9,8,2020,260,1,Sweden,SE,SWE,10230185,Europe,33.4011555,-120,-1,2.5415E-05,Social Distancing and Wearing Masks Enforced,891,771
2020-08-10,10,8,2020,73,4,Sweden,SE,SWE,10230185,Europe,34.59370481,-187,3,7.13575E-06,Social Distancing and Wearing Masks Enforced,639,452
2020-08-11,11,8,2020,196,2,Sweden,SE,SWE,10230185,Europe,34.89672963,123,-2,1.9159E-05,Social Distancing and Wearing Masks Enforced,361,484
2020-08-12,12,8,2020,417,4,Sweden,SE,SWE,10230185,Europe,36.11860392,221,2,4.07617E-05,Social Distancing and Wearing Masks Enforced,4044,4265
2020-08-13,13,8,2020,443,3,Sweden,SE,SWE,10230185,Europe,37.42845315,26,-1,4.33032E-05,Social Distancing and Wearing Masks Enforced,1735,1761
2020-08-14,14,8,2020,363,5,Sweden,SE,SWE,10230185,Europe,38.81650234,-80,2,3.54832E-05,Social Distancing and Wearing Masks Enforced,1148,1068
2020-08-15,15,8,2020,344,1,Sweden,SE,SWE,10230185,Europe,39.41277699,-19,-4,3.3626E-05,Social Distancing and Wearing Masks Enforced,771,752
2020-08-16,16,8,2020,226,1,Sweden,SE,SWE,10230185,Europe,40.2534265,-118,0,2.20915E-05,Social Distancing and Wearing Masks Enforced,1813,1695
2020-08-17,17,8,2020,63,0,Sweden,SE,SWE,10230185,Europe,39.50075194,-163,-1,6.15825E-06,Social Distancing and Wearing Masks Enforced,1108,945
2020-08-18,18,8,2020,174,3,Sweden,SE,SWE,10230185,Europe,39.7451268,111,3,1.70085E-05,Social Distancing and Wearing Masks Enforced,1522,1633
2020-08-19,19,8,2020,314,4,Sweden,SE,SWE,10230185,Europe,39.83310175,140,1,3.06935E-05,Social Distancing and Wearing Masks Enforced,1089,1229
2020-08-20,20,8,2020,351,1,Sweden,SE,SWE,10230185,Europe,39.64737686,37,-3,3.43102E-05,Social Distancing and Wearing Masks Enforced,871,908
2020-08-21,21,8,2020,333,2,Sweden,SE,SWE,10230185,Europe,38.92402728,-18,1,3.25507E-05,Social Distancing and Wearing Masks Enforced,4368,4350
2020-08-22,22,8,2020,298,5,Sweden,SE,SWE,10230185,Europe,38.48415253,-35,3,2.91295E-05,Social Distancing and Wearing Masks Enforced,1440,1405
2020-08-23,23,8,2020,160,1,Sweden,SE,SWE,10230185,Europe,37.682603,-138,-4,1.564E-05,Social Distancing and Wearing Masks Enforced,493,355
2020-08-24,24,8,2020,57,3,Sweden,SE,SWE,10230185,Europe,36.70510357,-103,2,5.57175E-06,Social Distancing and Wearing Masks Enforced,555,452
2020-08-25,25,8,2020,174,1,Sweden,SE,SWE,10230185,Europe,36.54870366,117,-2,1.70085E-05,Social Distancing and Wearing Masks Enforced,1940,2057
2020-08-26,26,8,2020,222,1,Sweden,SE,SWE,10230185,Europe,36.33365379,48,0,2.17005E-05,Social Distancing and Wearing Masks Enforced,1508,1556
2020-08-27,27,8,2020,244,2,Sweden,SE,SWE,10230185,Europe,34.4275299,22,1,2.3851E-05,Social Distancing and Wearing Masks Enforced,413,435
2020-08-28,28,8,2020,202,1,Sweden,SE,SWE,10230185,Europe,32.48230604,-42,-1,1.97455E-05,Social Distancing and Wearing Masks Enforced,361,319
2020-08-29,29,8,2020,179,1,Sweden,SE,SWE,10230185,Europe,30.90853196,-23,0,1.74972E-05,Social Distancing and Wearing Masks Enforced,2621,2598
2020-08-30,30,8,2020,131,1,Sweden,SE,SWE,10230185,Europe,29.2956579,-48,0,1.28052E-05,Social Distancing and Wearing Masks Enforced,3497,3449
2020-08-31,31,8,2020,48,3,Sweden,SE,SWE,10230185,Europe,28.36703344,-83,2,4.692E-06,Social Distancing and Wearing Masks Enforced,1276,1193
2020-09-01,1,9,2020,162,2,Sweden,SE,SWE,10230185,Europe,28.22040853,114,-1,1.58355E-05,Social Distancing and Wearing Masks Enforced,773,887
2020-09-02,2,9,2020,171,3,Sweden,SE,SWE,10230185,Europe,28.10310859,9,1,1.67152E-05,Social Distancing and Wearing Masks Enforced,569,578
2020-09-03,3,9,2020,213,2,Sweden,SE,SWE,10230185,Europe,26.70528441,42,-1,2.08207E-05,Social Distancing and Wearing Masks Enforced,442,484
2020-09-04,4,9,2020,286,2,Sweden,SE,SWE,10230185,Europe,25.3563352,73,0,2.79565E-05,Social Distancing and Wearing Masks Enforced,2659,2732
2020-09-05,5,9,2020,262,0,Sweden,SE,SWE,10230185,Europe,24.89691047,-24,-2,2.56105E-05,Social Distancing and Wearing Masks Enforced,421,397
2020-09-06,6,9,2020,171,0,Sweden,SE,SWE,10230185,Europe,24.54501067,-91,0,1.67152E-05,Social Distancing and Wearing Masks Enforced,3539,3448
2020-09-07,7,9,2020,67,3,Sweden,SE,SWE,10230185,Europe,24.65253561,-104,3,6.54925E-06,Social Distancing and Wearing Masks Enforced,1041,937
2020-09-08,8,9,2020,185,1,Sweden,SE,SWE,10230185,Europe,24.75028555,118,-2,1.80837E-05,Social Distancing and Wearing Masks Enforced,1182,1300
2020-09-09,9,9,2020,236,1,Sweden,SE,SWE,10230185,Europe,24.85781049,51,0,2.3069E-05,Social Distancing and Wearing Masks Enforced,3330,3381
2020-09-10,10,9,2020,314,2,Sweden,SE,SWE,10230185,Europe,24.99466041,78,1,3.06935E-05,Social Distancing and Wearing Masks Enforced,1040,1118
2020-09-11,11,9,2020,254,2,Sweden,SE,SWE,10230185,Europe,25.67891001,-60,0,2.48285E-05,Social Distancing and Wearing Masks Enforced,1062,1002
2020-09-12,12,9,2020,291,4,Sweden,SE,SWE,10230185,Europe,26.18720971,37,2,2.84452E-05,Social Distancing and Wearing Masks Enforced,743,780
2020-09-13,13,9,2020,206,1,Sweden,SE,SWE,10230185,Europe,27.28200907,-85,-3,2.01365E-05,Social Distancing and Wearing Masks Enforced,972,887
2020-09-14,14,9,2020,106,2,Sweden,SE,SWE,10230185,Europe,28.01513365,-100,1,1.03615E-05,Social Distancing and Wearing Masks Enforced,148,48
2020-09-15,15,9,2020,220,2,Sweden,SE,SWE,10230185,Europe,28.58208332,114,0,2.1505E-05,Social Distancing and Wearing Masks Enforced,2948,3062
2020-09-16,16,9,2020,292,1,Sweden,SE,SWE,10230185,Europe,29.14903298,72,-1,2.8543E-05,Social Distancing and Wearing Masks Enforced,1295,1367
2020-09-17,17,9,2020,330,2,Sweden,SE,SWE,10230185,Europe,30.33180729,38,1,3.22575E-05,Social Distancing and Wearing Masks Enforced,713,751
2020-09-18,18,9,2020,389,1,Sweden,SE,SWE,10230185,Europe,31.47548163,59,-1,3.80247E-05,Social Distancing and Wearing Masks Enforced,1077,1136
2020-09-19,19,9,2020,437,1,Sweden,SE,SWE,10230185,Europe,32.48230604,48,0,4.27167E-05,Social Distancing and Wearing Masks Enforced,758,806
2020-09-20,20,9,2020,279,1,Sweden,SE,SWE,10230185,Europe,34.19293004,-158,0,2.72722E-05,Social Distancing and Wearing Masks Enforced,371,213
2020-09-21,21,9,2020,133,4,Sweden,SE,SWE,10230185,Europe,35.24862942,-146,3,1.30007E-05,Social Distancing and Wearing Masks Enforced,2988,2842
2020-09-22,22,9,2020,266,2,Sweden,SE,SWE,10230185,Europe,35.89377905,133,-2,2.60015E-05,Social Distancing and Wearing Masks Enforced,1406,1539
2020-09-23,23,9,2020,438,1,Sweden,SE,SWE,10230185,Europe,36.68555358,172,-1,4.28145E-05,Social Distancing and Wearing Masks Enforced,1033,1205
2020-09-24,24,9,2020,553,0,Sweden,SE,SWE,10230185,Europe,38.66010243,115,-1,5.40557E-05,Social Distancing and Wearing Masks Enforced,406,521
2020-09-25,25,9,2020,540,1,Sweden,SE,SWE,10230185,Europe,40.99632607,-13,1,5.2785E-05,Social Distancing and Wearing Masks Enforced,1715,1702
2020-09-26,26,9,2020,630,4,Sweden,SE,SWE,10230185,Europe,43.79197444,90,3,6.15825E-05,Social Distancing and Wearing Masks Enforced,928,1018
2020-09-27,27,9,2020,325,2,Sweden,SE,SWE,10230185,Europe,47.1056975,-305,-2,3.17687E-05,Social Distancing and Wearing Masks Enforced,484,179
2020-09-28,28,9,2020,167,1,Sweden,SE,SWE,10230185,Europe,48.26892182,-158,-1,1.63242E-05,Social Distancing and Wearing Masks Enforced,57,-101
2020-09-29,29,9,2020,378,1,Sweden,SE,SWE,10230185,Europe,48.86519647,211,0,3.69495E-05,Social Distancing and Wearing Masks Enforced,81,292
2020-09-30,30,9,2020,613,2,Sweden,SE,SWE,10230185,Europe,50.40964557,235,1,5.99207E-05,Social Distancing and Wearing Masks Enforced,51,286
2020-10-01,1,10,2020,689,4,Sweden,SE,SWE,10230185,Europe,53.54741874,76,2,6.73497E-05,Social Distancing and Wearing Masks Enforced,846,922
2020-10-02,2,10,2020,633,1,Sweden,SE,SWE,10230185,Europe,57.05664169,-56,-3,6.18757E-05,Social Distancing and Wearing Masks Enforced,259,203
2020-10-03,3,10,2020,712,3,Sweden,SE,SWE,10230185,Europe,59.4417403,79,2,6.9598E-05,Social Distancing and Wearing Masks Enforced,60,139
2020-10-04,4,10,2020,461,3,Sweden,SE,SWE,10230185,Europe,62.12986373,-251,0,4.50627E-05,Social Distancing and Wearing Masks Enforced,56,-195
2020-10-05,5,10,2020,156,3,Sweden,SE,SWE,10230185,Europe,63.90891269,-305,0,1.5249E-05,Social Distancing and Wearing Masks Enforced,55,-250
2020-10-06,6,10,2020,374,2,Sweden,SE,SWE,10230185,Europe,64.13373756,218,-1,3.65585E-05,Social Distancing and Wearing Masks Enforced,40,258
2020-10-07,7,10,2020,786,4,Sweden,SE,SWE,10230185,Europe,65.18943695,412,2,7.68315E-05,Social Distancing and Wearing Masks Enforced,22,434
2020-10-08,8,10,2020,831,3,Sweden,SE,SWE,10230185,Europe,68.59113496,45,-1,8.12302E-05,Social Distancing and Wearing Masks Enforced,5,50
2020-10-09,9,10,2020,834,1,Sweden,SE,SWE,10230185,Europe,71.30858337,3,-2,8.15235E-05,Social Distancing and Wearing Masks Enforced,12,15
2020-10-10,10,10,2020,783,5,Sweden,SE,SWE,10230185,Europe,74.1824317,-51,4,7.65382E-05,Social Distancing and Wearing Masks Enforced,8,-43
2020-10-11,11,10,2020,509,5,Sweden,SE,SWE,10230185,Europe,75.67800582,-274,0,4.97547E-05,Social Distancing and Wearing Masks Enforced,4,-270
2020-10-12,12,10,2020,161,2,Sweden,SE,SWE,10230185,Europe,77.47660477,-348,-3,1.57377E-05,Social Distancing and Wearing Masks Enforced,5,-343
2020-10-13,13,10,2020,637,3,Sweden,SE,SWE,10230185,Europe,77.41795481,476,1,6.22667E-05,Social Distancing and Wearing Masks Enforced,2,478
2020-10-14,14,10,2020,916,1,Sweden,SE,SWE,10230185,Europe,79.94967833,279,-2,8.95389E-05,Social Distancing and Wearing Masks Enforced,0,279
2020-10-15,15,10,2020,968,2,Sweden,SE,SWE,10230185,Europe,82.9115016,52,1,9.46219E-05,Social Distancing and Wearing Masks Enforced,0,52
2020-10-16,16,10,2020,902,3,Sweden,SE,SWE,10230185,Europe,85.63872501,-66,1,8.81704E-05,Social Distancing and Wearing Masks Enforced,1,-65
2020-10-17,17,10,2020,1179,2,Sweden,SE,SWE,10230185,Europe,88.26819847,277,-1,0.000115247,Social Distancing and Wearing Masks Enforced,0,277
2020-10-18,18,10,2020,697,4,Sweden,SE,SWE,10230185,Europe,92.83312081,-482,2,6.81317E-05,Social Distancing and Wearing Masks Enforced,0,-482
2020-10-19,19,10,2020,321,1,Sweden,SE,SWE,10230185,Europe,95.14001946,-376,-3,3.13777E-05,Social Distancing and Wearing Masks Enforced,0,-376
2020-10-20,20,10,2020,771,4,Sweden,SE,SWE,10230185,Europe,96.75289352,450,3,7.53652E-05,Social Distancing and Wearing Masks Enforced,0,450
2020-10-21,21,10,2020,1290,4,Sweden,SE,SWE,10230185,Europe,100.6335663,519,0,0.000126097,Social Distancing and Wearing Masks Enforced,0,519
2020-10-22,22,10,2020,1570,3,Sweden,SE,SWE,10230185,Europe,105.5601634,280,-1,0.000153467,Social Distancing and Wearing Masks Enforced,0,280
2020-10-23,23,10,2020,1666,9,Sweden,SE,SWE,10230185,Europe,112.7838842,96,6,0.000162851,Social Distancing and Wearing Masks Enforced,0,96
2020-10-24,24,10,2020,1868,7,Sweden,SE,SWE,10230185,Europe,120.9166794,202,-2,0.000182597,Social Distancing and Wearing Masks Enforced,0,202
2020-10-25,25,10,2020,1477,8,Sweden,SE,SWE,10230185,Europe,131.5225482,-391,1,0.000144377,Social Distancing and Wearing Masks Enforced,0,-391
2020-10-26,26,10,2020,514,8,Sweden,SE,SWE,10230185,Europe,140.9847427,-963,0,5.02435E-05,Social Distancing and Wearing Masks Enforced,1,-962
2020-10-27,27,10,2020,1068,11,Sweden,SE,SWE,10230185,Europe,144.4353157,554,3,0.000104397,Social Distancing and Wearing Masks Enforced,0,554
2020-10-28,28,10,2020,2415,9,Sweden,SE,SWE,10230185,Europe,148.6483382,1347,-2,0.000236066,Social Distancing and Wearing Masks Enforced,1,1348
2020-10-29,29,10,2020,3390,9,Sweden,SE,SWE,10230185,Europe,163.3010547,975,0,0.000331372,Social Distancing and Wearing Masks Enforced,4,979
2020-10-30,30,10,2020,3262,9,Sweden,SE,SWE,10230185,Europe,186.9760909,-128,0,0.00031886,Social Distancing and Wearing Masks Enforced,0,-128
2020-10-31,31,10,2020,4055,9,Sweden,SE,SWE,10230185,Europe,210.0450774,793,0,0.000396376,Social Distancing and Wearing Masks Enforced,0,793
2020-11-01,1,11,2020,2987,13,Sweden,SE,SWE,10230185,Europe,238.157961,-1068,4,0.000291979,Social Distancing and Wearing Masks Enforced,1,-1067
2020-11-02,2,11,2020,1297,22,Sweden,SE,SWE,10230185,Europe,260.5426979,-1690,9,0.000126782,Social Distancing and Wearing Masks Enforced,0,-1690
2020-11-03,3,11,2020,1570,20,Sweden,SE,SWE,10230185,Europe,270.0830923,273,-2,0.000153467,Social Distancing and Wearing Masks Enforced,1,274
2020-11-04,4,11,2020,3608,19,Sweden,SE,SWE,10230185,Europe,277.8933128,2038,-1,0.000352682,Social Distancing and Wearing Masks Enforced,0,2038
2020-11-05,5,11,2020,4483,21,Sweden,SE,SWE,10230185,Europe,300.5517496,875,2,0.000438213,Social Distancing and Wearing Masks Enforced,0,875
2020-11-06,6,11,2020,4744,22,Sweden,SE,SWE,10230185,Europe,329.0263079,261,1,0.000463726,Social Distancing and Wearing Masks Enforced,0,261
2020-11-07,7,11,2020,4453,25,Sweden,SE,SWE,10230185,Europe,359.1137404,-291,3,0.00043528,Social Distancing and Wearing Masks Enforced,2,-289
2020-11-08,8,11,2020,4452,26,Sweden,SE,SWE,10230185,Europe,384.3821006,-1,1,0.000435183,Social Distancing and Wearing Masks Enforced,0,-1
2020-11-09,9,11,2020,2097,22,Sweden,SE,SWE,10230185,Europe,413.4627086,-2355,-4,0.000204982,Social Distancing and Wearing Masks Enforced,0,-2355
2020-11-10,10,11,2020,3725,35,Sweden,SE,SWE,10230185,Europe,428.9365246,1628,13,0.000364119,Social Distancing and Wearing Masks Enforced,0,1628
2020-11-11,11,11,2020,4498,35,Sweden,SE,SWE,10230185,Europe,454.9086845,773,0,0.000439679,Social Distancing and Wearing Masks Enforced,0,773
2020-11-12,12,11,2020,5709,27,Sweden,SE,SWE,10230185,Europe,475.2699976,1211,-8,0.000558054,Social Distancing and Wearing Masks Enforced,0,1211
2020-11-13,13,11,2020,5565,28,Sweden,SE,SWE,10230185,Europe,497.9382093,-144,1,0.000543978,Social Distancing and Wearing Masks Enforced,0,-144
2020-11-14,14,11,2020,6730,32,Sweden,SE,SWE,10230185,Europe,520.4500212,1165,4,0.000657857,Social Distancing and Wearing Masks Enforced,0,1165
2020-11-15,15,11,2020,3513,37,Sweden,SE,SWE,10230185,Europe,546.5981309,-3217,5,0.000343396,Social Distancing and Wearing Masks Enforced,0,-3217
2020-11-16,16,11,2020,1582,39,Sweden,SE,SWE,10230185,Europe,551.7397779,-1931,2,0.00015464,Social Distancing and Wearing Masks Enforced,0,-1931
2020-11-17,17,11,2020,2544,36,Sweden,SE,SWE,10230185,Europe,554.5256513,962,-3,0.000248676,Social Distancing and Wearing Masks Enforced,0,962
2020-11-18,18,11,2020,4460,39,Sweden,SE,SWE,10230185,Europe,564.0464957,1916,3,0.000435965,Social Distancing and Wearing Masks Enforced,0,1916
2020-11-19,19,11,2020,4961,50,Sweden,SE,SWE,10230185,Europe,572.3747909,501,11,0.000484937,Social Distancing and Wearing Masks Enforced,0,501
2020-11-20,20,11,2020,7622,44,Sweden,SE,SWE,10230185,Europe,577.0472382,2661,-6,0.00074505,Social Distancing and Wearing Masks Enforced,0,2661
2020-11-21,21,11,2020,5459,42,Sweden,SE,SWE,10230185,Europe,605.1796717,-2163,-2,0.000533617,Social Distancing and Wearing Masks Enforced,0,-2163
2020-11-22,22,11,2020,4493,48,Sweden,SE,SWE,10230185,Europe,615.013316,-966,6,0.00043919,Social Distancing and Wearing Masks Enforced,0,-966
2020-11-23,23,11,2020,2422,56,Sweden,SE,SWE,10230185,Europe,615.4140908,-2071,8,0.00023675,Social Distancing and Wearing Masks Enforced,0,-2071
2020-11-24,24,11,2020,3875,53,Sweden,SE,SWE,10230185,Europe,618.5909639,1453,-3,0.000378781,Social Distancing and Wearing Masks Enforced,0,1453
2020-11-25,25,11,2020,5675,65,Sweden,SE,SWE,10230185,Europe,620.057213,1800,12,0.000554731,Social Distancing and Wearing Masks Enforced,0,1800
2020-11-26,26,11,2020,6064,57,Sweden,SE,SWE,10230185,Europe,631.5623813,389,-8,0.000592756,Social Distancing and Wearing Masks Enforced,0,389
2020-11-27,27,11,2020,6900,42,Sweden,SE,SWE,10230185,Europe,635.0325043,836,-15,0.000674475,Social Distancing and Wearing Masks Enforced,0,836
2020-11-28,28,11,2020,6463,33,Sweden,SE,SWE,10230185,Europe,648.0821217,-437,-9,0.000631758,Social Distancing and Wearing Masks Enforced,0,-437
2020-11-29,29,11,2020,3825,28,Sweden,SE,SWE,10230185,Europe,645.4721982,-2638,-5,0.000373894,Social Distancing and Wearing Masks Enforced,0,-2638
2020-11-30,30,11,2020,2754,28,Sweden,SE,SWE,10230185,Europe,648.5219964,-1071,0,0.000269203,Social Distancing and Wearing Masks Enforced,0,-1071
2020-12-01,1,12,2020,3487,37,Sweden,SE,SWE,10230185,Europe,659.9782897,733,9,0.000340854,Social Distancing and Wearing Masks Enforced,0,733
2020-12-02,2,12,2020,5812,27,Sweden,SE,SWE,10230185,Europe,669.1961094,2325,-10,0.000568123,Social Distancing and Wearing Masks Enforced,0,2325
2020-12-03,3,12,2020,6548,20,Sweden,SE,SWE,10230185,Europe,682.4119016,736,-7,0.000640067,Social Distancing and Wearing Masks Enforced,0,736
2020-12-04,4,12,2020,6988,16,Sweden,SE,SWE,10230185,Europe,697.9248176,440,-4,0.000683077,Social Distancing and Wearing Masks Enforced,0,440
2020-12-05,5,12,2020,7343,12,Sweden,SE,SWE,10230185,Europe,691.7274712,355,-4,0.000717778,Social Distancing and Wearing Masks Enforced,0,355
2020-12-06,6,12,2020,4863,10,Sweden,SE,SWE,10230185,Europe,710.1435605,-2480,-2,0.000475358,Social Distancing and Wearing Masks Enforced,0,-2480
2020-12-07,7,12,2020,1800,16,Sweden,SE,SWE,10230185,Europe,713.7603083,-3063,6,0.00017595,Social Distancing and Wearing Masks Enforced,0,-3063
2020-12-08,8,12,2020,3319,2,Sweden,SE,SWE,10230185,Europe,707.6802619,1519,-14,0.000324432,Social Distancing and Wearing Masks Enforced,0,1519
2020-12-09,9,12,2020,0,0,Sweden,SE,SWE,10230185,Europe,702.2453651,-3319,-2,0,Social Distancing and Wearing Masks Enforced,0,-3319
,,,,,,,,,,,,0,0,#DIV/0!,Social Distancing and Wearing Masks Enforced,,0
