dateRep,day,month,year,cases,deaths,countriesAndTerritories,geoId,countryterritoryCode,popData2019,continentExp,Cumulative_number_for_14_days_of_COVID-19_cases_per_100000,As of Population,Change in Cases,Change in Deaths,Measures,sweden Cases Change,Projected Population ,sweden cases
2020-12-09,9,12,2020,12281,599,United_Kingdom,UK,GBR,66647112,Europe,317.2635598,0.000184269,#VALUE!,#VALUE!,Social Distancing and Wearing Masks Enforced,0,12281,0
2020-12-08,8,12,2020,14718,189,United_Kingdom,UK,GBR,66647112,Europe,315.7901276,0.000220835,2437,-410,Social Distancing and Wearing Masks Enforced,69,14787,0
2020-12-07,7,12,2020,17271,231,United_Kingdom,UK,GBR,66647112,Europe,316.8884497,0.000259141,2553,42,Social Distancing and Wearing Masks Enforced,59,17330,0
2020-12-06,6,12,2020,15539,397,United_Kingdom,UK,GBR,66647112,Europe,318.9755619,0.000233153,-1732,166,Social Distancing and Wearing Masks Enforced,-5,15534,0
2020-12-05,5,12,2020,16298,504,United_Kingdom,UK,GBR,66647112,Europe,325.4814702,0.000244542,759,107,Social Distancing and Wearing Masks Enforced,0,16298,0
2020-12-04,4,12,2020,14878,414,United_Kingdom,UK,GBR,66647112,Europe,331.4142104,0.000223235,-1420,-90,Social Distancing and Wearing Masks Enforced,0,14878,0
2020-12-03,3,12,2020,16170,648,United_Kingdom,UK,GBR,66647112,Europe,343.4732476,0.000242621,1292,234,Social Distancing and Wearing Masks Enforced,0,16170,0
2020-12-02,2,12,2020,13429,603,United_Kingdom,UK,GBR,66647112,Europe,348.6332611,0.000201494,-2741,-45,Lockdown,0,13429,0
2020-12-01,1,12,2020,12330,203,United_Kingdom,UK,GBR,66647112,Europe,358.5691755,0.000185004,-1099,-400,Lockdown,349,12679,0
2020-11-30,30,11,2020,12155,215,United_Kingdom,UK,GBR,66647112,Europe,372.122651,0.000182378,-175,12,Lockdown,-244,11911,0
2020-11-29,29,11,2020,15871,479,United_Kingdom,UK,GBR,66647112,Europe,391.3387875,0.000238135,3716,264,Lockdown,0,15871,0
2020-11-28,28,11,2020,14739,520,United_Kingdom,UK,GBR,66647112,Europe,407.8271239,0.00022115,-1132,41,Lockdown,0,14739,0
2020-11-27,27,11,2020,17555,498,United_Kingdom,UK,GBR,66647112,Europe,426.6756525,0.000263402,2816,-22,Lockdown,0,17555,0
2020-11-26,26,11,2020,18213,695,United_Kingdom,UK,GBR,66647112,Europe,450.5551568,0.000273275,658,197,Lockdown,0,18213,0
2020-11-25,25,11,2020,11299,608,United_Kingdom,UK,GBR,66647112,Europe,457.6627416,0.000169535,-6914,-87,Lockdown,0,11299,0
2020-11-24,24,11,2020,15450,479,United_Kingdom,UK,GBR,66647112,Europe,471.3362524,0.000231818,4151,-129,Lockdown,0,15450,0
2020-11-23,23,11,2020,18662,125,United_Kingdom,UK,GBR,66647112,Europe,480.188849,0.000280012,3212,-354,Lockdown,180,18842,0
2020-11-22,22,11,2020,19875,340,United_Kingdom,UK,GBR,66647112,Europe,483.0546896,0.000298212,1213,215,Lockdown,-45,19830,0
2020-11-21,21,11,2020,20252,511,United_Kingdom,UK,GBR,66647112,Europe,490.6799262,0.000303869,377,171,Lockdown,0,20252,0
2020-11-20,20,11,2020,22915,501,United_Kingdom,UK,GBR,66647112,Europe,495.233762,0.000343826,2663,-10,Lockdown,0,22915,0
2020-11-19,19,11,2020,19609,529,United_Kingdom,UK,GBR,66647112,Europe,497.0688002,0.000294221,-3306,28,Lockdown,0,19609,0
2020-11-18,18,11,2020,20051,598,United_Kingdom,UK,GBR,66647112,Europe,505.4232508,0.000300853,442,69,Lockdown,0,20051,0
2020-11-17,17,11,2020,21363,213,United_Kingdom,UK,GBR,66647112,Europe,505.3737362,0.000320539,1312,-385,Lockdown,-17,21346,0
2020-11-16,16,11,2020,24962,168,United_Kingdom,UK,GBR,66647112,Europe,501.7531742,0.00037454,3599,-45,Lockdown,65,25027,0
2020-11-15,15,11,2020,26860,462,United_Kingdom,UK,GBR,66647112,Europe,499.1904225,0.000403018,1898,294,Lockdown,0,26860,0
2020-11-14,14,11,2020,27301,376,United_Kingdom,UK,GBR,66647112,Europe,491.7707462,0.000409635,441,-86,Lockdown,17,27318,0
2020-11-13,13,11,2020,33470,563,United_Kingdom,UK,GBR,66647112,Europe,487.4254716,0.000502197,6169,187,Lockdown,0,33470,0
2020-11-12,12,11,2020,22950,595,United_Kingdom,UK,GBR,66647112,Europe,471.8133923,0.000344351,-10520,32,Lockdown,0,22950,0
2020-11-11,11,11,2020,20412,532,United_Kingdom,UK,GBR,66647112,Europe,474.4391625,0.00030627,-2538,-63,Lockdown,0,20412,0
2020-11-10,10,11,2020,21350,194,United_Kingdom,UK,GBR,66647112,Europe,478.1497509,0.000320344,938,-338,Lockdown,-9,21341,0
2020-11-09,9,11,2020,20572,156,United_Kingdom,UK,GBR,66647112,Europe,477.4595484,0.000308671,-778,-38,Lockdown,73,20645,0
2020-11-08,8,11,2020,24957,413,United_Kingdom,UK,GBR,66647112,Europe,476.2862043,0.000374465,4385,257,Lockdown,1,24958,0
2020-11-07,7,11,2020,23287,355,United_Kingdom,UK,GBR,66647112,Europe,473.3678483,0.000349407,-1670,-58,Lockdown,13,23300,0
2020-11-06,6,11,2020,24138,378,United_Kingdom,UK,GBR,66647112,Europe,469.2326353,0.000362176,851,23,Lockdown,8,24146,0
2020-11-05,5,11,2020,25177,492,United_Kingdom,UK,GBR,66647112,Europe,464.881359,0.000377766,1039,114,Lockdown,0,25177,0
2020-11-04,4,11,2020,20018,397,United_Kingdom,UK,GBR,66647112,Europe,467.1470236,0.000300358,-5159,-95,Social Distancing and Wearing Masks Enforced,-3,20015,0
2020-11-03,3,11,2020,18950,136,United_Kingdom,UK,GBR,66647112,Europe,469.115601,0.000284333,-1068,-261,Social Distancing and Wearing Masks Enforced,-162,18788,1
2020-11-02,2,11,2020,23254,162,United_Kingdom,UK,GBR,66647112,Europe,468.8950363,0.000348912,4304,26,Social Distancing and Wearing Masks Enforced,-144,23110,0
2020-11-01,1,11,2020,21915,326,United_Kingdom,UK,GBR,66647112,Europe,459.4827755,0.000328821,-1339,164,Social Distancing and Wearing Masks Enforced,-81,21834,0
2020-10-31,31,10,2020,24405,274,United_Kingdom,UK,GBR,66647112,Europe,450.8642475,0.000366182,2490,-52,Social Distancing and Wearing Masks Enforced,-18,24387,0
2020-10-30,30,10,2020,23065,280,United_Kingdom,UK,GBR,66647112,Europe,437.7053877,0.000346077,-1340,6,Social Distancing and Wearing Masks Enforced,37,23102,0
2020-10-29,29,10,2020,24700,310,United_Kingdom,UK,GBR,66647112,Europe,431.573089,0.000370609,1635,30,Social Distancing and Wearing Masks Enforced,14,24714,0
2020-10-28,28,10,2020,22885,367,United_Kingdom,UK,GBR,66647112,Europe,424.106899,0.000343376,-1815,57,Social Distancing and Wearing Masks Enforced,34,22919,0
2020-10-27,27,10,2020,20890,102,United_Kingdom,UK,GBR,66647112,Europe,415.6249111,0.000313442,-1995,-265,Social Distancing and Wearing Masks Enforced,-230,20660,0
2020-10-26,26,10,2020,19790,151,United_Kingdom,UK,GBR,66647112,Europe,405.2448664,0.000296937,-1100,49,Social Distancing and Wearing Masks Enforced,15,19805,0
2020-10-25,25,10,2020,23012,174,United_Kingdom,UK,GBR,66647112,Europe,394.8648218,0.000345281,3222,23,Social Distancing and Wearing Masks Enforced,19,23031,0
2020-10-24,24,10,2020,20531,224,United_Kingdom,UK,GBR,66647112,Europe,383.0908682,0.000308055,-2481,50,Social Distancing and Wearing Masks Enforced,11,20542,0
2020-10-23,23,10,2020,21238,189,United_Kingdom,UK,GBR,66647112,Europe,373.087434,0.000318663,707,-35,Social Distancing and Wearing Masks Enforced,-27,21211,0
2020-10-22,22,10,2020,26687,191,United_Kingdom,UK,GBR,66647112,Europe,367.5388065,0.000400422,5449,2,Social Distancing and Wearing Masks Enforced,-191,26496,0
2020-10-21,21,10,2020,21330,241,United_Kingdom,UK,GBR,66647112,Europe,348.7457941,0.000320044,-5357,50,Social Distancing and Wearing Masks Enforced,136,21466,0
2020-10-20,20,10,2020,18803,80,United_Kingdom,UK,GBR,66647112,Europe,338.5608067,0.000282128,-2527,-161,Social Distancing and Wearing Masks Enforced,236,19039,0
2020-10-19,19,10,2020,16981,67,United_Kingdom,UK,GBR,66647112,Europe,329.2430736,0.00025479,-1822,-13,Social Distancing and Wearing Masks Enforced,-1,16980,0
2020-10-18,18,10,2020,16171,150,United_Kingdom,UK,GBR,66647112,Europe,338.2157054,0.000242636,-810,83,Social Distancing and Wearing Masks Enforced,36,16207,0
2020-10-17,17,10,2020,15635,136,United_Kingdom,UK,GBR,66647112,Europe,333.2642531,0.000234594,-536,-14,Social Distancing and Wearing Masks Enforced,-104,15531,0
2020-10-16,16,10,2020,18978,138,United_Kingdom,UK,GBR,66647112,Europe,320.2599387,0.000284754,3343,2,Social Distancing and Wearing Masks Enforced,179,19157,0
2020-10-15,15,10,2020,19724,137,United_Kingdom,UK,GBR,66647112,Europe,302.1586292,0.000295947,746,-1,Social Distancing and Wearing Masks Enforced,56,19780,0
2020-10-14,14,10,2020,17232,143,United_Kingdom,UK,GBR,66647112,Europe,283.2290768,0.000258556,-2492,6,Social Distancing and Wearing Masks Enforced,-173,17059,0
2020-10-13,13,10,2020,13972,50,United_Kingdom,UK,GBR,66647112,Europe,268.0911365,0.000209641,-3260,-93,Social Distancing and Wearing Masks Enforced,500,14472,0
2020-10-12,12,10,2020,12872,65,United_Kingdom,UK,GBR,66647112,Europe,253.1947671,0.000193137,-1100,15,Social Distancing and Wearing Masks Enforced,252,13124,1
2020-10-11,11,10,2020,15165,81,United_Kingdom,UK,GBR,66647112,Europe,242.4216071,0.000227542,2293,16,Social Distancing and Wearing Masks Enforced,171,15336,1
2020-10-10,10,10,2020,13864,87,United_Kingdom,UK,GBR,66647112,Europe,228.7315916,0.000208021,-1301,6,Social Distancing and Wearing Masks Enforced,-41,13823,8
2020-10-09,9,10,2020,17540,77,United_Kingdom,UK,GBR,66647112,Europe,218.2420148,0.000263177,3676,-10,Social Distancing and Wearing Masks Enforced,142,17682,3
2020-10-08,8,10,2020,14162,70,United_Kingdom,UK,GBR,66647112,Europe,201.8782149,0.000212492,-3378,-7,Social Distancing and Wearing Masks Enforced,-26,14136,0
2020-10-07,7,10,2020,14542,76,United_Kingdom,UK,GBR,66647112,Europe,189.8987011,0.000218194,380,6,Social Distancing and Wearing Masks Enforced,-78,14464,5
2020-10-06,6,10,2020,12593,19,United_Kingdom,UK,GBR,66647112,Europe,175.470469,0.00018895,-1949,-57,Social Distancing and Wearing Masks Enforced,95,12688,13
2020-10-05,5,10,2020,22961,33,United_Kingdom,UK,GBR,66647112,Europe,163.1293491,0.000344516,10368,14,Social Distancing and Wearing Masks Enforced,-449,22512,30
2020-10-04,4,10,2020,12871,49,United_Kingdom,UK,GBR,66647112,Europe,134.5279597,0.000193122,-10090,16,Social Distancing and Wearing Masks Enforced,-144,12727,25
2020-10-03,3,10,2020,6968,66,United_Kingdom,UK,GBR,66647112,Europe,121.8507413,0.000104551,-5903,17,Social Distancing and Wearing Masks Enforced,383,7351,59
2020-10-02,2,10,2020,6914,59,United_Kingdom,UK,GBR,66647112,Europe,117.8805767,0.00010374,-54,-7,Social Distancing and Wearing Masks Enforced,-7,6907,33
2020-10-01,1,10,2020,7108,71,United_Kingdom,UK,GBR,66647112,Europe,112.600528,0.000106651,194,12,Social Distancing and Wearing Masks Enforced,281,7389,46
2020-09-30,30,9,2020,7143,71,United_Kingdom,UK,GBR,66647112,Europe,107.9236562,0.000107176,35,0,Social Distancing and Wearing Masks Enforced,255,7398,101
2020-09-29,29,9,2020,4044,13,United_Kingdom,UK,GBR,66647112,Europe,101.8618781,6.06778E-05,-3099,-58,Social Distancing and Wearing Masks Enforced,221,4265,98
2020-09-28,28,9,2020,5692,17,United_Kingdom,UK,GBR,66647112,Europe,99.72675185,8.54051E-05,1648,4,Social Distancing and Wearing Masks Enforced,1,5693,196
2020-09-27,27,9,2020,6041,35,United_Kingdom,UK,GBR,66647112,Europe,96.18271231,9.06416E-05,349,18,Social Distancing and Wearing Masks Enforced,479,6520,151
2020-09-26,26,9,2020,6873,34,United_Kingdom,UK,GBR,66647112,Europe,92.36559268,0.000103125,832,-1,Social Distancing and Wearing Masks Enforced,509,7382,152
2020-09-25,25,9,2020,6634,40,United_Kingdom,UK,GBR,66647112,Europe,87.36312535,9.95392E-05,-239,6,Social Distancing and Wearing Masks Enforced,248,6882,71
2020-09-24,24,9,2020,6178,37,United_Kingdom,UK,GBR,66647112,Europe,81.78899035,9.26972E-05,-456,-3,Social Distancing and Wearing Masks Enforced,-285,5893,69
2020-09-23,23,9,2020,4926,37,United_Kingdom,UK,GBR,66647112,Europe,76.5089416,7.39117E-05,-1252,0,Social Distancing and Wearing Masks Enforced,-511,4415,83
2020-09-22,22,9,2020,4368,11,United_Kingdom,UK,GBR,66647112,Europe,72.80885629,6.55392E-05,-558,-26,Social Distancing and Wearing Masks Enforced,-18,4350,119
2020-09-21,21,9,2020,3899,18,United_Kingdom,UK,GBR,66647112,Europe,70.67823134,5.85022E-05,-469,7,Social Distancing and Wearing Masks Enforced,42,3941,145
2020-09-20,20,9,2020,4422,27,United_Kingdom,UK,GBR,66647112,Europe,69.3113304,6.63495E-05,523,9,Social Distancing and Wearing Masks Enforced,-64,4358,143
2020-09-19,19,9,2020,4322,27,United_Kingdom,UK,GBR,66647112,Europe,65.39668215,6.4849E-05,-100,0,Social Distancing and Wearing Masks Enforced,27,4349,180
2020-09-18,18,9,2020,3395,21,United_Kingdom,UK,GBR,66647112,Europe,61.82263381,5.09399E-05,-927,-6,Social Distancing and Wearing Masks Enforced,-25,3370,136
2020-09-17,17,9,2020,3991,20,United_Kingdom,UK,GBR,66647112,Europe,59.33190323,5.98826E-05,596,-1,Social Distancing and Wearing Masks Enforced,-93,3898,118
2020-09-16,16,9,2020,3103,27,United_Kingdom,UK,GBR,66647112,Europe,55.60631044,4.65587E-05,-888,7,Social Distancing and Wearing Masks Enforced,255,3358,182
2020-09-15,15,9,2020,2621,9,United_Kingdom,UK,GBR,66647112,Europe,52.89351473,3.93265E-05,-482,-18,Social Distancing and Wearing Masks Enforced,-23,2598,230
2020-09-14,14,9,2020,3330,5,United_Kingdom,UK,GBR,66647112,Europe,51.07047999,4.99647E-05,709,-4,Social Distancing and Wearing Masks Enforced,51,3381,314
2020-09-13,13,9,2020,3497,9,United_Kingdom,UK,GBR,66647112,Europe,48.64726922,5.24704E-05,167,4,Social Distancing and Wearing Masks Enforced,-48,3449,286
2020-09-12,12,9,2020,3539,6,United_Kingdom,UK,GBR,66647112,Europe,45.0627178,5.31006E-05,42,-3,Social Distancing and Wearing Masks Enforced,-91,3448,365
2020-09-11,11,9,2020,2919,14,United_Kingdom,UK,GBR,66647112,Europe,41.66722183,4.37978E-05,-620,8,Social Distancing and Wearing Masks Enforced,2,2921,300
2020-09-10,10,9,2020,2659,8,United_Kingdom,UK,GBR,66647112,Europe,39.571107,3.98967E-05,-260,-6,Social Distancing and Wearing Masks Enforced,73,2732,280
2020-09-09,9,9,2020,2460,32,United_Kingdom,UK,GBR,66647112,Europe,37.15389798,3.69108E-05,-199,24,Social Distancing and Wearing Masks Enforced,-340,2120,416
2020-09-08,8,9,2020,2948,3,United_Kingdom,UK,GBR,66647112,Europe,35.2393364,4.4233E-05,488,-29,Social Distancing and Wearing Masks Enforced,114,3062,475
2020-09-07,7,9,2020,2988,2,United_Kingdom,UK,GBR,66647112,Europe,32.27446675,4.48332E-05,40,-1,Social Distancing and Wearing Masks Enforced,-146,2842,486
2020-09-06,6,9,2020,1813,12,United_Kingdom,UK,GBR,66647112,Europe,29.35310985,2.7203E-05,-1175,10,Social Distancing and Wearing Masks Enforced,-118,1695,554
2020-09-05,5,9,2020,1940,10,United_Kingdom,UK,GBR,66647112,Europe,28.5653788,2.91085E-05,127,-2,Social Distancing and Wearing Masks Enforced,117,2057,601
2020-09-04,4,9,2020,1735,13,United_Kingdom,UK,GBR,66647112,Europe,27.20447962,2.60326E-05,-205,3,Social Distancing and Wearing Masks Enforced,26,1761,357
2020-09-03,3,9,2020,1508,10,United_Kingdom,UK,GBR,66647112,Europe,26.37473624,2.26266E-05,-227,-3,Social Distancing and Wearing Masks Enforced,48,1556,340
2020-09-02,2,9,2020,1295,3,United_Kingdom,UK,GBR,66647112,Europe,25.33042992,1.94307E-05,-213,-7,Social Distancing and Wearing Masks Enforced,72,1367,389
2020-09-01,1,9,2020,1406,2,United_Kingdom,UK,GBR,66647112,Europe,25.02133926,2.10962E-05,111,-1,Social Distancing and Wearing Masks Enforced,133,1539,738
2020-08-31,31,8,2020,1715,1,United_Kingdom,UK,GBR,66647112,Europe,23.98153426,2.57325E-05,309,-1,Social Distancing and Wearing Masks Enforced,-13,1702,654
2020-08-30,30,8,2020,1108,12,United_Kingdom,UK,GBR,66647112,Europe,22.96873719,1.66249E-05,-607,11,Social Distancing and Wearing Masks Enforced,-163,945,645
2020-08-29,29,8,2020,1276,9,United_Kingdom,UK,GBR,66647112,Europe,22.92222355,1.91456E-05,168,-3,Social Distancing and Wearing Masks Enforced,-83,1193,454
2020-08-28,28,8,2020,1522,12,United_Kingdom,UK,GBR,66647112,Europe,23.16829572,2.28367E-05,246,3,Social Distancing and Wearing Masks Enforced,111,1633,395
2020-08-27,27,8,2020,1048,16,United_Kingdom,UK,GBR,66647112,Europe,22.57862276,1.57246E-05,-474,4,Social Distancing and Wearing Masks Enforced,127,1175,464
2020-08-26,26,8,2020,1184,16,United_Kingdom,UK,GBR,66647112,Europe,22.5201056,1.77652E-05,136,0,Social Distancing and Wearing Masks Enforced,168,1352,437
2020-08-25,25,8,2020,972,4,United_Kingdom,UK,GBR,66647112,Europe,22.46608975,1.45843E-05,-212,-12,Social Distancing and Wearing Masks Enforced,-85,887,479
2020-08-24,24,8,2020,1041,6,United_Kingdom,UK,GBR,66647112,Europe,22.2320211,1.56196E-05,69,2,Social Distancing and Wearing Masks Enforced,-104,937,604
2020-08-23,23,8,2020,1288,18,United_Kingdom,UK,GBR,66647112,Europe,22.26353034,1.93257E-05,247,12,Social Distancing and Wearing Masks Enforced,-124,1164,623
2020-08-22,22,8,2020,1033,2,United_Kingdom,UK,GBR,66647112,Europe,21.46829708,1.54995E-05,-255,-16,Social Distancing and Wearing Masks Enforced,172,1205,688
2020-08-21,21,8,2020,1182,6,United_Kingdom,UK,GBR,66647112,Europe,21.22522578,1.77352E-05,149,4,Social Distancing and Wearing Masks Enforced,118,1300,532
2020-08-20,20,8,2020,812,16,United_Kingdom,UK,GBR,66647112,Europe,20.87712368,1.21836E-05,-370,10,Social Distancing and Wearing Masks Enforced,92,904,388
2020-08-19,19,8,2020,1089,12,United_Kingdom,UK,GBR,66647112,Europe,20.99565845,1.63398E-05,277,-4,Social Distancing and Wearing Masks Enforced,140,1229,461
2020-08-18,18,8,2020,713,3,United_Kingdom,UK,GBR,66647112,Europe,20.36697404,1.06981E-05,-376,-9,Social Distancing and Wearing Masks Enforced,38,751,707
2020-08-17,17,8,2020,1040,5,United_Kingdom,UK,GBR,66647112,Europe,20.68956866,1.56046E-05,327,2,Social Distancing and Wearing Masks Enforced,78,1118,722
2020-08-16,16,8,2020,1077,3,United_Kingdom,UK,GBR,66647112,Europe,20.24393795,1.61597E-05,37,-2,Social Distancing and Wearing Masks Enforced,59,1136,758
2020-08-15,15,8,2020,1440,11,United_Kingdom,UK,GBR,66647112,Europe,19.78480328,2.16063E-05,363,8,Social Distancing and Wearing Masks Enforced,-35,1405,780
2020-08-14,14,8,2020,1129,18,United_Kingdom,UK,GBR,66647112,Europe,18.94455682,1.694E-05,-311,7,Social Distancing and Wearing Masks Enforced,-96,1033,473
2020-08-13,13,8,2020,1009,20,United_Kingdom,UK,GBR,66647112,Europe,18.51993227,1.51394E-05,-120,2,Social Distancing and Wearing Masks Enforced,-81,928,300
2020-08-12,12,8,2020,1148,13,United_Kingdom,UK,GBR,66647112,Europe,18.150824,1.72251E-05,139,-7,Social Distancing and Wearing Masks Enforced,-80,1068,563
2020-08-11,11,8,2020,816,18,United_Kingdom,UK,GBR,66647112,Europe,16.53334956,1.22436E-05,-332,5,Social Distancing and Wearing Masks Enforced,29,845,742
2020-08-10,10,8,2020,1062,5,United_Kingdom,UK,GBR,66647112,Europe,15.86565371,1.59347E-05,246,-13,Social Distancing and Wearing Masks Enforced,-60,1002,798
2020-08-09,9,8,2020,758,3,United_Kingdom,UK,GBR,66647112,Europe,14.9038716,1.13733E-05,-304,-2,Social Distancing and Wearing Masks Enforced,48,806,636
2020-08-08,8,8,2020,871,12,United_Kingdom,UK,GBR,66647112,Europe,14.76733155,1.30688E-05,113,9,Social Distancing and Wearing Masks Enforced,37,908,532
2020-08-07,7,8,2020,950,18,United_Kingdom,UK,GBR,66647112,Europe,14.55726994,1.42542E-05,79,6,Social Distancing and Wearing Masks Enforced,212,1162,299
2020-08-06,6,8,2020,891,14,United_Kingdom,UK,GBR,66647112,Europe,14.29169204,1.33689E-05,-59,-4,Social Distancing and Wearing Masks Enforced,-120,771,261
2020-08-05,5,8,2020,670,18,United_Kingdom,UK,GBR,66647112,Europe,14.08163042,1.00529E-05,-221,4,Social Distancing and Wearing Masks Enforced,18,688,477
2020-08-04,4,8,2020,928,1,United_Kingdom,UK,GBR,66647112,Europe,14.26618456,1.39241E-05,258,-17,Social Distancing and Wearing Masks Enforced,90,1018,657
2020-08-03,3,8,2020,743,5,United_Kingdom,UK,GBR,66647112,Europe,13.4934579,1.11483E-05,-185,4,Social Distancing and Wearing Masks Enforced,37,780,745
2020-08-02,2,8,2020,771,13,United_Kingdom,UK,GBR,66647112,Europe,13.11834787,1.15684E-05,28,8,Social Distancing and Wearing Masks Enforced,-19,752,784
2020-08-01,1,8,2020,880,20,United_Kingdom,UK,GBR,66647112,Europe,12.81525897,1.32039E-05,109,7,Social Distancing and Wearing Masks Enforced,21,901,700
2020-07-31,31,7,2020,846,0,United_Kingdom,UK,GBR,66647112,Europe,12.55118151,1.26937E-05,-34,-20,Social Distancing and Wearing Masks Enforced,76,922,509
2020-07-30,30,7,2020,763,34,United_Kingdom,UK,GBR,66647112,Europe,12.44014894,1.14484E-05,-83,34,Social Distancing and Wearing Masks Enforced,389,1152,279
2020-07-29,29,7,2020,70,21,United_Kingdom,UK,GBR,66647112,Europe,12.32311462,1.05031E-06,-693,-13,Social Distancing and Wearing Masks Enforced,-19,51,455
2020-07-28,28,7,2020,371,3,United_Kingdom,UK,GBR,66647112,Europe,13.30740333,5.56663E-06,301,-18,Social Distancing and Wearing Masks Enforced,-158,213,754
2020-07-27,27,7,2020,421,8,United_Kingdom,UK,GBR,66647112,Europe,13.29239893,6.31685E-06,50,5,Social Distancing and Wearing Masks Enforced,-24,397,698
2020-07-26,26,7,2020,667,15,United_Kingdom,UK,GBR,66647112,Europe,13.32390817,1.00079E-05,246,7,Social Distancing and Wearing Masks Enforced,-47,620,657
2020-07-25,25,7,2020,731,32,United_Kingdom,UK,GBR,66647112,Europe,13.17086328,1.09682E-05,64,17,Social Distancing and Wearing Masks Enforced,312,1043,688
2020-07-24,24,7,2020,773,9,United_Kingdom,UK,GBR,66647112,Europe,13.14685624,1.15984E-05,42,-23,Social Distancing and Wearing Masks Enforced,114,887,358
2020-07-23,23,7,2020,751,17,United_Kingdom,UK,GBR,66647112,Europe,13.02682103,1.12683E-05,-22,8,Social Distancing and Wearing Masks Enforced,-44,707,259
2020-07-22,22,7,2020,793,25,United_Kingdom,UK,GBR,66647112,Europe,12.79575325,1.18985E-05,42,8,Social Distancing and Wearing Masks Enforced,-202,591,430
2020-07-21,21,7,2020,413,10,United_Kingdom,UK,GBR,66647112,Europe,12.66221408,6.19682E-06,-380,-15,Social Distancing and Wearing Masks Enforced,22,435,666
2020-07-20,20,7,2020,493,11,United_Kingdom,UK,GBR,66647112,Europe,12.87527658,7.39717E-06,80,1,Social Distancing and Wearing Masks Enforced,-138,355,808
2020-07-19,19,7,2020,569,9,United_Kingdom,UK,GBR,66647112,Europe,12.73723609,8.5375E-06,76,-2,Social Distancing and Wearing Masks Enforced,9,578,610
2020-07-18,18,7,2020,704,26,United_Kingdom,UK,GBR,66647112,Europe,12.75224049,1.05631E-05,135,17,Social Distancing and Wearing Masks Enforced,35,739,532
2020-07-17,17,7,2020,772,24,United_Kingdom,UK,GBR,66647112,Europe,12.5991956,1.15834E-05,68,-2,Social Distancing and Wearing Masks Enforced,64,836,403
2020-07-16,16,7,2020,685,26,United_Kingdom,UK,GBR,66647112,Europe,12.41764234,1.0278E-05,-87,2,Social Distancing and Wearing Masks Enforced,-61,624,210
2020-07-15,15,7,2020,726,44,United_Kingdom,UK,GBR,66647112,Europe,12.31561242,1.08932E-05,41,18,Social Distancing and Wearing Masks Enforced,267,993,491
2020-07-14,14,7,2020,361,10,United_Kingdom,UK,GBR,66647112,Europe,12.32161418,5.41659E-06,-365,-34,Social Distancing and Wearing Masks Enforced,-42,319,746
2020-07-13,13,7,2020,442,9,United_Kingdom,UK,GBR,66647112,Europe,12.44915159,6.63195E-06,81,-1,Social Distancing and Wearing Masks Enforced,42,484,800
2020-07-12,12,7,2020,565,17,United_Kingdom,UK,GBR,66647112,Europe,12.75974269,8.47749E-06,123,8,Social Distancing and Wearing Masks Enforced,45,610,774
2020-07-11,11,7,2020,715,34,United_Kingdom,UK,GBR,66647112,Europe,12.91878934,1.07281E-05,150,17,Social Distancing and Wearing Masks Enforced,-419,296,773
2020-07-10,10,7,2020,693,31,United_Kingdom,UK,GBR,66647112,Europe,12.92779198,1.0398E-05,-22,-3,Social Distancing and Wearing Masks Enforced,3,696,432
2020-07-09,9,7,2020,597,57,United_Kingdom,UK,GBR,66647112,Europe,13.05532939,8.95763E-06,-96,26,Social Distancing and Wearing Masks Enforced,-366,231,265
2020-07-08,8,7,2020,704,54,United_Kingdom,UK,GBR,66647112,Europe,13.48895658,1.05631E-05,107,-3,Social Distancing and Wearing Masks Enforced,-318,386,648
2020-07-07,7,7,2020,555,11,United_Kingdom,UK,GBR,66647112,Europe,13.77704108,8.32744E-06,-149,-43,Social Distancing and Wearing Masks Enforced,-103,452,900
2020-07-06,6,7,2020,401,19,United_Kingdom,UK,GBR,66647112,Europe,13.90307805,6.01676E-06,-154,8,Social Distancing and Wearing Masks Enforced,71,472,1046
2020-07-05,5,7,2020,579,32,United_Kingdom,UK,GBR,66647112,Europe,14.33220392,8.68755E-06,178,13,Social Distancing and Wearing Masks Enforced,77,656,1039
2020-07-04,4,7,2020,602,49,United_Kingdom,UK,GBR,66647112,Europe,14.94288305,9.03265E-06,23,17,Social Distancing and Wearing Masks Enforced,36,638,1146
2020-07-03,3,7,2020,651,41,United_Kingdom,UK,GBR,66647112,Europe,15.58057009,9.76787E-06,49,-8,Social Distancing and Wearing Masks Enforced,524,1175,780
2020-07-02,2,7,2020,617,97,United_Kingdom,UK,GBR,66647112,Europe,16.12372941,9.25772E-06,-34,56,Social Distancing and Wearing Masks Enforced,299,916,462
2020-07-01,1,7,2020,730,53,United_Kingdom,UK,GBR,66647112,Europe,16.85144287,1.09532E-05,113,-44,Social Distancing and Wearing Masks Enforced,260,990,677
2020-06-30,30,6,2020,446,21,United_Kingdom,UK,GBR,66647112,Europe,17.32108062,6.69196E-06,-284,-32,Social Distancing and Wearing Masks Enforced,16,462,937
2020-06-29,29,6,2020,649,31,United_Kingdom,UK,GBR,66647112,Europe,17.8852461,9.73786E-06,203,10,Social Distancing and Wearing Masks Enforced,7,656,1437
2020-06-28,28,6,2020,671,40,United_Kingdom,UK,GBR,66647112,Europe,18.24685217,1.0068E-05,22,9,Social Distancing and Wearing Masks Enforced,37,708,1293
2020-06-27,27,6,2020,721,77,United_Kingdom,UK,GBR,66647112,Europe,18.81851985,1.08182E-05,50,37,Social Distancing and Wearing Masks Enforced,-198,523,1329
2020-06-26,26,6,2020,778,99,United_Kingdom,UK,GBR,66647112,Europe,19.26265012,1.16734E-05,57,22,Social Distancing and Wearing Masks Enforced,176,954,1032
2020-06-25,25,6,2020,886,87,United_Kingdom,UK,GBR,66647112,Europe,19.89433541,1.32939E-05,108,-12,Social Distancing and Wearing Masks Enforced,31,917,418
2020-06-24,24,6,2020,896,94,United_Kingdom,UK,GBR,66647112,Europe,20.30245512,1.34439E-05,10,7,Social Distancing and Wearing Masks Enforced,-56,840,685
2020-06-23,23,6,2020,639,14,United_Kingdom,UK,GBR,66647112,Europe,20.60704446,9.58781E-06,-257,-80,Social Distancing and Wearing Masks Enforced,-187,452,1209
2020-06-22,22,6,2020,687,31,United_Kingdom,UK,GBR,66647112,Europe,20.73008055,1.0308E-05,48,17,Social Distancing and Wearing Masks Enforced,-330,357,1457
2020-06-21,21,6,2020,986,71,United_Kingdom,UK,GBR,66647112,Europe,20.90113072,1.47943E-05,299,40,Social Distancing and Wearing Masks Enforced,54,1040,1494
2020-06-20,20,6,2020,1027,84,United_Kingdom,UK,GBR,66647112,Europe,21.10218969,1.54095E-05,41,13,Social Distancing and Wearing Masks Enforced,-99,928,1209
2020-06-19,19,6,2020,1013,67,United_Kingdom,UK,GBR,66647112,Europe,21.42628476,1.51995E-05,-14,-17,Social Distancing and Wearing Masks Enforced,-341,672,698
2020-06-18,18,6,2020,1102,110,United_Kingdom,UK,GBR,66647112,Europe,21.94093572,1.65349E-05,89,43,Social Distancing and Wearing Masks Enforced,39,1141,321
2020-06-17,17,6,2020,1043,120,United_Kingdom,UK,GBR,66647112,Europe,22.51410384,1.56496E-05,-59,10,Social Distancing and Wearing Masks Enforced,88,1131,800
2020-06-16,16,6,2020,822,29,United_Kingdom,UK,GBR,66647112,Europe,23.111279,1.23336E-05,-221,-91,Social Distancing and Wearing Masks Enforced,-49,773,1309
2020-06-15,15,6,2020,890,27,United_Kingdom,UK,GBR,66647112,Europe,23.49689211,1.33539E-05,68,-2,Lockdown,-199,691,1698
2020-06-14,14,6,2020,1052,107,United_Kingdom,UK,GBR,66647112,Europe,23.84949553,1.57846E-05,162,80,Lockdown,-84,968,1279
2020-06-13,13,6,2020,1017,131,United_Kingdom,UK,GBR,66647112,Europe,24.56220459,1.52595E-05,-35,24,Lockdown,-233,784,1204
2020-06-12,12,6,2020,1199,76,United_Kingdom,UK,GBR,66647112,Europe,25.67703159,1.79903E-05,182,-55,Lockdown,-129,1070,755
2020-06-11,11,6,2020,1158,164,United_Kingdom,UK,GBR,66647112,Europe,26.6313115,1.73751E-05,-41,88,Lockdown,-156,1002,415
2020-06-10,10,6,2020,1099,195,United_Kingdom,UK,GBR,66647112,Europe,27.40253771,1.64898E-05,-59,31,Lockdown,-84,1015,727
2020-06-09,9,6,2020,721,47,United_Kingdom,UK,GBR,66647112,Europe,28.19026877,1.08182E-05,-378,-148,Lockdown,-297,424,804
2020-06-08,8,6,2020,801,54,United_Kingdom,UK,GBR,66647112,Europe,29.15505176,1.20185E-05,80,7,Lockdown,215,1016,684
2020-06-07,7,6,2020,1120,143,United_Kingdom,UK,GBR,66647112,Europe,30.24437128,1.68049E-05,319,89,Lockdown,263,1383,687
2020-06-06,6,6,2020,1243,258,United_Kingdom,UK,GBR,66647112,Europe,31.65778586,1.86505E-05,123,115,Lockdown,-28,1215,694
2020-06-05,5,6,2020,1356,130,United_Kingdom,UK,GBR,66647112,Europe,33.65487165,2.0346E-05,113,-128,Lockdown,216,1572,364
2020-06-04,4,6,2020,1484,254,United_Kingdom,UK,GBR,66647112,Europe,35.69847108,2.22665E-05,128,124,Lockdown,79,1563,315
2020-06-03,3,6,2020,1441,249,United_Kingdom,UK,GBR,66647112,Europe,38.05116117,2.16213E-05,-43,-5,Lockdown,-20,1421,251
2020-06-02,2,6,2020,1079,86,United_Kingdom,UK,GBR,66647112,Europe,39.77366641,1.61897E-05,-362,-163,Lockdown,-330,749,278
2020-06-01,1,6,2020,1125,60,United_Kingdom,UK,GBR,66647112,Europe,40.91250045,1.688E-05,46,-26,Lockdown,146,1271,533
2020-05-31,31,5,2020,1527,154,United_Kingdom,UK,GBR,66647112,Europe,42.34392032,2.29117E-05,402,94,Lockdown,246,1773,334
2020-05-30,30,5,2020,1760,274,United_Kingdom,UK,GBR,66647112,Europe,43.84285999,2.64077E-05,233,120,Lockdown,64,1824,369
2020-05-29,29,5,2020,1835,343,United_Kingdom,UK,GBR,66647112,Europe,45.145242,2.75331E-05,75,69,Lockdown,98,1933,308
2020-05-28,28,5,2020,1672,422,United_Kingdom,UK,GBR,66647112,Europe,47.35388984,2.50874E-05,-163,79,Lockdown,0,1672,106
2020-05-27,27,5,2020,1624,131,United_Kingdom,UK,GBR,66647112,Europe,49.94965123,2.43671E-05,-48,-291,Lockdown,-38,1586,170
2020-05-26,26,5,2020,1364,104,United_Kingdom,UK,GBR,66647112,Europe,52.89351473,2.0466E-05,-260,-27,Lockdown,-191,1173,312
2020-05-25,25,5,2020,1527,379,United_Kingdom,UK,GBR,66647112,Europe,54.34143943,2.29117E-05,163,275,Lockdown,5,1532,287
2020-05-24,24,5,2020,2062,220,United_Kingdom,UK,GBR,66647112,Europe,55.2867167,3.09391E-05,535,-159,Lockdown,68,2130,268
2020-05-23,23,5,2020,2574,291,United_Kingdom,UK,GBR,66647112,Europe,56.78865725,3.86213E-05,512,71,Lockdown,26,2600,284
2020-05-22,22,5,2020,2718,273,United_Kingdom,UK,GBR,66647112,Europe,58.5786823,4.0782E-05,144,-18,Lockdown,48,2766,191
2020-05-21,21,5,2020,3052,328,United_Kingdom,UK,GBR,66647112,Europe,60.24267038,4.57934E-05,334,55,Lockdown,1,3053,110
2020-05-20,20,5,2020,2589,500,United_Kingdom,UK,GBR,66647112,Europe,61.18794765,3.88464E-05,-463,172,Lockdown,0,2589,131
2020-05-19,19,5,2020,1838,146,United_Kingdom,UK,GBR,66647112,Europe,62.38829974,2.75781E-05,-751,-354,Lockdown,-307,1531,226
2020-05-18,18,5,2020,2079,67,United_Kingdom,UK,GBR,66647112,Europe,64.10480322,3.11941E-05,241,-79,Lockdown,-167,1912,297
2020-05-17,17,5,2020,2526,411,United_Kingdom,UK,GBR,66647112,Europe,65.83030935,3.79011E-05,447,344,Lockdown,0,2526,220
2020-05-16,16,5,2020,2628,350,United_Kingdom,UK,GBR,66647112,Europe,69.14778243,3.94316E-05,102,-61,Lockdown,-3,2625,262
2020-05-15,15,5,2020,3307,352,United_Kingdom,UK,GBR,66647112,Europe,72.6558114,4.96196E-05,679,2,Lockdown,55,3362,138
2020-05-14,14,5,2020,3402,447,United_Kingdom,UK,GBR,66647112,Europe,75.85925104,5.1045E-05,95,95,Lockdown,0,3402,42
2020-05-13,13,5,2020,3586,614,United_Kingdom,UK,GBR,66647112,Europe,77.85033506,5.38058E-05,184,167,Lockdown,0,3586,71
2020-05-12,12,5,2020,2329,187,United_Kingdom,UK,GBR,66647112,Europe,79.53082798,3.49453E-05,-1257,-427,Lockdown,42,2371,283
2020-05-11,11,5,2020,2157,217,United_Kingdom,UK,GBR,66647112,Europe,81.24733147,3.23645E-05,-172,30,Lockdown,47,2204,301
2020-05-10,10,5,2020,3063,275,United_Kingdom,UK,GBR,66647112,Europe,83.63453168,4.59585E-05,906,58,Lockdown,-44,3019,302
2020-05-09,9,5,2020,3767,579,United_Kingdom,UK,GBR,66647112,Europe,86.49587097,5.65216E-05,704,304,Lockdown,-1,3766,258
2020-05-08,8,5,2020,3827,458,United_Kingdom,UK,GBR,66647112,Europe,88.58298316,5.74218E-05,60,-121,Lockdown,0,3827,303
2020-05-07,7,5,2020,3682,647,United_Kingdom,UK,GBR,66647112,Europe,91.07371374,5.52462E-05,-145,189,Lockdown,0,3682,38
2020-05-06,6,5,2020,3389,726,United_Kingdom,UK,GBR,66647112,Europe,92.69118818,5.08499E-05,-293,79,Lockdown,0,3389,165
2020-05-05,5,5,2020,2982,272,United_Kingdom,UK,GBR,66647112,Europe,94.88933294,4.47431E-05,-407,-454,Lockdown,84,3066,333
2020-05-04,4,5,2020,3229,253,United_Kingdom,UK,GBR,66647112,Europe,96.19621627,4.84492E-05,247,-19,Lockdown,-65,3164,425
2020-05-03,3,5,2020,4737,584,United_Kingdom,UK,GBR,66647112,Europe,98.43487292,7.10758E-05,1508,331,Lockdown,1,4738,378
2020-05-02,2,5,2020,4966,698,United_Kingdom,UK,GBR,66647112,Europe,98.7634693,7.45119E-05,229,114,Lockdown,0,4966,380
2020-05-01,1,5,2020,5442,634,United_Kingdom,UK,GBR,66647112,Europe,99.25261278,8.1654E-05,476,-64,Lockdown,0,5442,260
2020-04-30,30,4,2020,4729,769,United_Kingdom,UK,GBR,66647112,Europe,98.68694686,7.09558E-05,-713,135,Lockdown,0,4729,73
2020-04-29,29,4,2020,4706,969,United_Kingdom,UK,GBR,66647112,Europe,98.08226949,7.06107E-05,-23,200,Lockdown,0,4706,196
2020-04-28,28,4,2020,3473,320,United_Kingdom,UK,GBR,66647112,Europe,97.29003711,5.21103E-05,-1233,-649,Lockdown,-2,3471,417
2020-04-27,27,4,2020,3748,364,United_Kingdom,UK,GBR,66647112,Europe,97.31404416,5.62365E-05,275,44,Lockdown,-26,3722,443
2020-04-26,26,4,2020,4970,815,United_Kingdom,UK,GBR,66647112,Europe,97.06046978,7.45719E-05,1222,451,Lockdown,0,4970,363
2020-04-25,25,4,2020,5158,1010,United_Kingdom,UK,GBR,66647112,Europe,96.07468063,7.73927E-05,188,195,Lockdown,0,5158,344
2020-04-24,24,4,2020,5487,682,United_Kingdom,UK,GBR,66647112,Europe,95.62454859,8.23291E-05,329,-328,Lockdown,0,5487,226
2020-04-23,23,4,2020,4760,847,United_Kingdom,UK,GBR,66647112,Europe,95.09039191,7.14209E-05,-727,165,Lockdown,0,4760,63
2020-04-22,22,4,2020,4854,1224,United_Kingdom,UK,GBR,66647112,Europe,96.12569559,7.28314E-05,94,377,Lockdown,,4854,174
2020-04-21,21,4,2020,3853,570,United_Kingdom,UK,GBR,66647112,Europe,96.76788396,5.7812E-05,-1001,-654,Lockdown,0,3853,314
2020-04-20,20,4,2020,4721,432,United_Kingdom,UK,GBR,66647112,Europe,96.37626909,7.08358E-05,868,-138,Lockdown,0,4721,351
2020-04-19,19,4,2020,4956,1105,United_Kingdom,UK,GBR,66647112,Europe,95.32446057,7.43618E-05,235,673,Lockdown,0,4956,333
2020-04-18,18,4,2020,5292,913,United_Kingdom,UK,GBR,66647112,Europe,95.25694077,7.94033E-05,336,-192,Lockdown,0,5292,298
2020-04-17,17,4,2020,5065,1036,United_Kingdom,UK,GBR,66647112,Europe,94.62075416,7.59973E-05,-227,123,Lockdown,0,5065,160
2020-04-16,16,4,2020,4326,880,United_Kingdom,UK,GBR,66647112,Europe,94.39268726,6.4909E-05,-739,-156,Lockdown,0,4326,57
2020-04-15,15,4,2020,4178,1076,United_Kingdom,UK,GBR,66647112,Europe,94.67477,6.26884E-05,-148,196,Lockdown,0,4178,174
2020-04-14,14,4,2020,3489,724,United_Kingdom,UK,GBR,66647112,Europe,94.81731181,5.23504E-05,-689,-352,Lockdown,0,3489,222
2020-04-13,13,4,2020,3579,657,United_Kingdom,UK,GBR,66647112,Europe,93.87053411,5.37008E-05,90,-67,Lockdown,0,3579,244
2020-04-12,12,4,2020,4313,843,United_Kingdom,UK,GBR,66647112,Europe,92.73470094,6.4714E-05,734,186,Lockdown,0,4313,202
2020-04-11,11,4,2020,4858,1122,United_Kingdom,UK,GBR,66647112,Europe,91.06020978,7.28914E-05,545,279,Lockdown,0,4858,179
2020-04-10,10,4,2020,5131,1116,United_Kingdom,UK,GBR,66647112,Europe,88.40293035,7.69876E-05,273,-6,Lockdown,0,5131,131
2020-04-09,9,4,2020,5450,1030,United_Kingdom,UK,GBR,66647112,Europe,84.74335692,8.1774E-05,319,-86,Lockdown,0,5450,48
2020-04-08,8,4,2020,5282,1105,United_Kingdom,UK,GBR,66647112,Europe,80.12950359,7.92532E-05,-168,75,Lockdown,0,5282,162
2020-04-07,7,4,2020,3592,567,United_Kingdom,UK,GBR,66647112,Europe,75.7122079,5.38958E-05,-1690,-538,Lockdown,0,3592,171
2020-04-06,6,4,2020,4020,599,United_Kingdom,UK,GBR,66647112,Europe,72.3902335,6.03177E-05,428,32,Lockdown,0,4020,213
2020-04-05,5,4,2020,4911,756,United_Kingdom,UK,GBR,66647112,Europe,68.15599152,7.36866E-05,891,157,Lockdown,0,4911,286
2020-04-04,4,4,2020,4868,736,United_Kingdom,UK,GBR,66647112,Europe,62.67038248,7.30414E-05,-43,-20,Lockdown,0,4868,262
2020-04-03,3,4,2020,4913,657,United_Kingdom,UK,GBR,66647112,Europe,56.94920434,7.37166E-05,45,-79,Lockdown,0,4913,171
2020-04-02,2,4,2020,4514,672,United_Kingdom,UK,GBR,66647112,Europe,51.07648175,6.77299E-05,-399,15,Lockdown,0,4514,67
2020-04-01,1,4,2020,4273,403,United_Kingdom,UK,GBR,66647112,Europe,45.45733355,6.41138E-05,-241,-269,Lockdown,7,4280,185
2020-03-31,31,3,2020,2858,374,United_Kingdom,UK,GBR,66647112,Europe,39.96272187,4.28826E-05,-1415,-29,Lockdown,-5,2853,236
2020-03-30,30,3,2020,2822,212,United_Kingdom,UK,GBR,66647112,Europe,36.33765856,4.23424E-05,-36,-162,Lockdown,49,2871,314
2020-03-29,29,3,2020,3197,292,United_Kingdom,UK,GBR,66647112,Europe,32.64507545,4.79691E-05,375,80,Lockdown,36,3233,254
2020-03-28,28,3,2020,3087,288,United_Kingdom,UK,GBR,66647112,Europe,28.5653788,4.63186E-05,-110,-4,Lockdown,-2,3085,291
2020-03-27,27,3,2020,2692,181,United_Kingdom,UK,GBR,66647112,Europe,24.65973319,4.03918E-05,-395,-107,Lockdown,125,2817,206
2020-03-26,26,3,2020,2375,191,United_Kingdom,UK,GBR,66647112,Europe,21.2297271,3.56355E-05,-317,10,Lockdown,-59,2316,106
2020-03-25,25,3,2020,2338,148,United_Kingdom,UK,GBR,66647112,Europe,18.05479583,3.50803E-05,-37,-43,Lockdown,22,2360,220
2020-03-24,24,3,2020,1378,76,United_Kingdom,UK,GBR,66647112,Europe,14.76883199,2.06761E-05,-960,-72,Lockdown,-193,1185,292
2020-03-23,23,3,2020,1198,36,United_Kingdom,UK,GBR,66647112,Europe,12.78675061,1.79753E-05,-180,-40,Lockdown,-377,821,330
2020-03-22,22,3,2020,1255,58,United_Kingdom,UK,GBR,66647112,Europe,11.07924977,1.88305E-05,57,22,Social Distancing and Wearing Masks Enforced,107,1362,389
2020-03-21,21,3,2020,1055,32,United_Kingdom,UK,GBR,66647112,Europe,9.31773308,1.58296E-05,-200,-26,Social Distancing and Wearing Masks Enforced,-120,935,437
2020-03-20,20,3,2020,999,46,United_Kingdom,UK,GBR,66647112,Europe,7.81129121,1.49894E-05,-56,14,Social Distancing and Wearing Masks Enforced,-614,385,279
2020-03-19,19,3,2020,769,34,United_Kingdom,UK,GBR,66647112,Europe,6.39637619,1.15384E-05,-230,-12,Social Distancing and Wearing Masks Enforced,-75,694,133
2020-03-18,18,3,2020,611,17,United_Kingdom,UK,GBR,66647112,Europe,5.32506195,9.16769E-06,-158,-17,Social Distancing and Wearing Masks Enforced,-265,346,266
2020-03-17,17,3,2020,442,22,United_Kingdom,UK,GBR,66647112,Europe,4.46831064,6.63195E-06,-169,5,Social Distancing and Wearing Masks Enforced,142,584,438
2020-03-16,16,3,2020,361,14,United_Kingdom,UK,GBR,66647112,Europe,3.8381258,5.41659E-06,-81,-8,Social Distancing and Wearing Masks Enforced,123,484,553
2020-03-15,15,3,2020,478,19,United_Kingdom,UK,GBR,66647112,Europe,3.30396912,7.1721E-06,117,5,Social Distancing and Wearing Masks Enforced,-77,401,540
2020-03-14,14,3,2020,484,1,United_Kingdom,UK,GBR,66647112,Europe,2.60476403,7.26213E-06,6,-18,Social Distancing and Wearing Masks Enforced,-305,179,630
2020-03-13,13,3,2020,406,2,United_Kingdom,UK,GBR,66647112,Europe,1.89055454,6.09179E-06,-78,1,Social Distancing and Wearing Masks Enforced,115,521,325
2020-03-12,12,3,2020,259,0,United_Kingdom,UK,GBR,66647112,Europe,1.28737761,3.88614E-06,-147,-2,Social Distancing and Wearing Masks Enforced,-56,203,167
2020-03-11,11,3,2020,148,4,United_Kingdom,UK,GBR,66647112,Europe,0.90626583,2.22065E-06,-111,4,Social Distancing and Wearing Masks Enforced,-100,48,378
2020-03-10,10,3,2020,57,1,United_Kingdom,UK,GBR,66647112,Europe,0.68720157,8.55251E-07,-91,-3,Social Distancing and Wearing Masks Enforced,-158,0,613
2020-03-09,9,3,2020,60,0,United_Kingdom,UK,GBR,66647112,Europe,0.60167648,9.00264E-07,3,-1,Social Distancing and Wearing Masks Enforced,79,139,689
2020-03-08,8,3,2020,81,1,United_Kingdom,UK,GBR,66647112,Europe,0.51165008,1.21536E-06,21,1,Social Distancing and Wearing Masks Enforced,211,292,633
2020-03-07,7,3,2020,51,1,United_Kingdom,UK,GBR,66647112,Europe,0.39161487,7.65224E-07,-30,0,Social Distancing and Wearing Masks Enforced,235,286,712
2020-03-06,6,3,2020,56,0,United_Kingdom,UK,GBR,66647112,Europe,0.31509242,8.40246E-07,5,-1,Social Distancing and Wearing Masks Enforced,-251,0,461
2020-03-05,5,3,2020,55,0,United_Kingdom,UK,GBR,66647112,Europe,0.23106778,8.25242E-07,-1,0,Social Distancing and Wearing Masks Enforced,-305,0,156
2020-03-04,4,3,2020,40,0,United_Kingdom,UK,GBR,66647112,Europe,0.14854357,6.00176E-07,-15,0,Social Distancing and Wearing Masks Enforced,218,258,374
2020-03-03,3,3,2020,22,0,United_Kingdom,UK,GBR,66647112,Europe,0.08852597,3.30E-07,-18,0,Social Distancing and Wearing Masks Enforced,412,434,786
2020-03-02,2,3,2020,5,0,United_Kingdom,UK,GBR,66647112,Europe,0.05551628,7.5022E-08,-17,0,Social Distancing and Wearing Masks Enforced,45,50,831
2020-03-01,1,3,2020,12,0,United_Kingdom,UK,GBR,66647112,Europe,0.04801408,1.80053E-07,7,0,Social Distancing and Wearing Masks Enforced,3,15,834
2020-02-29,29,2,2020,8,0,United_Kingdom,UK,GBR,66647112,Europe,0.0300088,1.20035E-07,-4,0,Social Distancing and Wearing Masks Enforced,-51,0,783
2020-02-28,28,2,2020,4,0,United_Kingdom,UK,GBR,66647112,Europe,0.01800528,6.00176E-08,-4,0,Social Distancing and Wearing Masks Enforced,-274,0,509
2020-02-27,27,2,2020,5,0,United_Kingdom,UK,GBR,66647112,Europe,0.01200352,7.5022E-08,1,0,Social Distancing and Wearing Masks Enforced,-348,0,161
2020-02-26,26,2,2020,2,0,United_Kingdom,UK,GBR,66647112,Europe,0.00600176,3.00088E-08,-3,0,Social Distancing and Wearing Masks Enforced,476,478,637
2020-02-25,25,2,2020,0,0,United_Kingdom,UK,GBR,66647112,Europe,0.00300088,0,-2,0,Social Distancing and Wearing Masks Enforced,279,279,916
2020-02-24,24,2,2020,0,0,United_Kingdom,UK,GBR,66647112,Europe,0.00450132,0,0,0,Social Distancing and Wearing Masks Enforced,52,52,968
2020-02-23,23,2,2020,1,0,United_Kingdom,UK,GBR,66647112,Europe,0.01050308,1.50044E-08,1,0,Social Distancing and Wearing Masks Enforced,-66,0,902
2020-02-22,22,2,2020,0,0,United_Kingdom,UK,GBR,66647112,Europe,0.00900264,0,-1,0,Social Distancing and Wearing Masks Enforced,277,277,1179
2020-02-21,21,2,2020,0,0,United_Kingdom,UK,GBR,66647112,Europe,0.00900264,0,0,0,Social Distancing and Wearing Masks Enforced,-482,0,697
2020-02-20,20,2,2020,0,0,United_Kingdom,UK,GBR,66647112,Europe,0.01050308,0,0,0,Social Distancing and Wearing Masks Enforced,-376,0,321
2020-02-19,19,2,2020,0,0,United_Kingdom,UK,GBR,66647112,Europe,0.01050308,0,0,0,Social Distancing and Wearing Masks Enforced,450,450,771
2020-02-18,18,2,2020,0,0,United_Kingdom,UK,GBR,66647112,Europe,0.01200352,0,0,0,Social Distancing and Wearing Masks Enforced,519,519,1290
2020-02-17,17,2,2020,0,0,United_Kingdom,UK,GBR,66647112,Europe,0.01200352,0,0,0,Social Distancing and Wearing Masks Enforced,280,280,1570
2020-02-16,16,2,2020,0,0,United_Kingdom,UK,GBR,66647112,Europe,0.01200352,0,0,0,Social Distancing and Wearing Masks Enforced,96,96,1666
2020-02-15,15,2,2020,0,0,United_Kingdom,UK,GBR,66647112,Europe,0.01200352,0,0,0,Social Distancing and Wearing Masks Enforced,202,202,1868
2020-02-14,14,2,2020,0,0,United_Kingdom,UK,GBR,66647112,Europe,0.0150044,0,0,0,Social Distancing and Wearing Masks Enforced,-391,0,1477
2020-02-13,13,2,2020,1,0,United_Kingdom,UK,GBR,66647112,Europe,0.0150044,1.50044E-08,1,0,Social Distancing and Wearing Masks Enforced,-963,0,514
2020-02-12,12,2,2020,0,0,United_Kingdom,UK,GBR,66647112,Europe,0.01350396,0,-1,0,Social Distancing and Wearing Masks Enforced,554,554,1068
2020-02-11,11,2,2020,1,0,United_Kingdom,UK,GBR,66647112,Europe,0.01350396,1.50E-08,1,0,Social Distancing and Wearing Masks Enforced,1347,1348,2415
2020-02-10,10,2,2020,4,0,United_Kingdom,UK,GBR,66647112,Europe,0.01200352,6.00176E-08,3,0,Social Distancing and Wearing Masks Enforced,975,979,3390
2020-02-09,9,2,2020,0,0,United_Kingdom,UK,GBR,66647112,Europe,0.00600176,0,-4,0,Social Distancing and Wearing Masks Enforced,-128,0,3262
2020-02-08,8,2,2020,0,0,United_Kingdom,UK,GBR,66647112,Europe,0.00600176,0,0,0,Social Distancing and Wearing Masks Enforced,793,793,4055
2020-02-07,7,2,2020,1,0,United_Kingdom,UK,GBR,66647112,Europe,0.00600176,1.50044E-08,1,0,Social Distancing and Wearing Masks Enforced,-1068,0,2987
2020-02-06,6,2,2020,0,0,United_Kingdom,UK,GBR,66647112,Europe,0.00450132,0,-1,0,Social Distancing and Wearing Masks Enforced,-1690,0,1297
2020-02-05,5,2,2020,1,0,United_Kingdom,UK,GBR,66647112,Europe,0.00450132,1.50044E-08,1,0,Social Distancing and Wearing Masks Enforced,273,274,1570
2020-02-04,4,2,2020,0,0,United_Kingdom,UK,GBR,66647112,Europe,0.00300088,0,-1,0,Social Distancing and Wearing Masks Enforced,2038,2038,3608
2020-02-03,3,2,2020,0,0,United_Kingdom,UK,GBR,66647112,Europe,0.00300088,0,0,0,Social Distancing and Wearing Masks Enforced,875,875,4483
2020-02-02,2,2,2020,0,0,United_Kingdom,UK,GBR,66647112,Europe,0.00300088,0,0,0,Social Distancing and Wearing Masks Enforced,261,261,4744
2020-02-01,1,2,2020,2,0,United_Kingdom,UK,GBR,66647112,Europe,0.00300088,3.00088E-08,2,0,Social Distancing and Wearing Masks Enforced,-291,0,4453
2020-01-31,31,1,2020,0,0,United_Kingdom,UK,GBR,66647112,Europe,0,0,-2,0,Social Distancing and Wearing Masks Enforced,-1,0,4452
2020-01-30,30,1,2020,0,0,United_Kingdom,UK,GBR,66647112,Europe,0,0,0,0,Social Distancing and Wearing Masks Enforced,-2355,0,2097
2020-01-29,29,1,2020,0,0,United_Kingdom,UK,GBR,66647112,Europe,0,0,0,0,Social Distancing and Wearing Masks Enforced,1628,1628,3725
2020-01-28,28,1,2020,0,0,United_Kingdom,UK,GBR,66647112,Europe,0,0,0,0,Social Distancing and Wearing Masks Enforced,773,773,4498
2020-01-27,27,1,2020,0,0,United_Kingdom,UK,GBR,66647112,Europe,0,0,0,0,Social Distancing and Wearing Masks Enforced,1211,1211,5709
2020-01-26,26,1,2020,0,0,United_Kingdom,UK,GBR,66647112,Europe,0,0,0,0,Social Distancing and Wearing Masks Enforced,-144,0,5565
2020-01-25,25,1,2020,0,0,United_Kingdom,UK,GBR,66647112,Europe,0,0,0,0,Social Distancing and Wearing Masks Enforced,1165,1165,6730
2020-01-24,24,1,2020,0,0,United_Kingdom,UK,GBR,66647112,Europe,0,0,0,0,Social Distancing and Wearing Masks Enforced,-3217,0,3513
2020-01-23,23,1,2020,0,0,United_Kingdom,UK,GBR,66647112,Europe,0,0,0,0,Social Distancing and Wearing Masks Enforced,-1931,0,1582
2020-01-22,22,1,2020,0,0,United_Kingdom,UK,GBR,66647112,Europe,0,0,0,0,Social Distancing and Wearing Masks Enforced,962,962,2544
2020-01-21,21,1,2020,0,0,United_Kingdom,UK,GBR,66647112,Europe,0,0,0,0,Social Distancing and Wearing Masks Enforced,1916,1916,4460
2020-01-20,20,1,2020,0,0,United_Kingdom,UK,GBR,66647112,Europe,0,0,0,0,Social Distancing and Wearing Masks Enforced,501,501,4961
2020-01-19,19,1,2020,0,0,United_Kingdom,UK,GBR,66647112,Europe,0,0,0,0,Social Distancing and Wearing Masks Enforced,2661,2661,7622
2020-01-18,18,1,2020,0,0,United_Kingdom,UK,GBR,66647112,Europe,0,0,0,0,Social Distancing and Wearing Masks Enforced,-2163,0,5459
2020-01-17,17,1,2020,0,0,United_Kingdom,UK,GBR,66647112,Europe,0,0,0,0,Social Distancing and Wearing Masks Enforced,-966,0,4493
2020-01-16,16,1,2020,0,0,United_Kingdom,UK,GBR,66647112,Europe,0,0,0,0,Social Distancing and Wearing Masks Enforced,-2071,0,2422
2020-01-15,15,1,2020,0,0,United_Kingdom,UK,GBR,66647112,Europe,0,0,0,0,Social Distancing and Wearing Masks Enforced,1453,1453,3875
2020-01-14,14,1,2020,0,0,United_Kingdom,UK,GBR,66647112,Europe,0,0,0,0,Social Distancing and Wearing Masks Enforced,1800,1800,5675
2020-01-13,13,1,2020,0,0,United_Kingdom,UK,GBR,66647112,Europe,0,0,0,0,Social Distancing and Wearing Masks Enforced,389,389,6064
2020-01-12,12,1,2020,0,0,United_Kingdom,UK,GBR,66647112,Europe,,0,0,0,Social Distancing and Wearing Masks Enforced,836,836,6900
2020-01-11,11,1,2020,0,0,United_Kingdom,UK,GBR,66647112,Europe,,0,0,0,Social Distancing and Wearing Masks Enforced,-437,0,6463
2020-01-10,10,1,2020,0,0,United_Kingdom,UK,GBR,66647112,Europe,,0,0,0,Social Distancing and Wearing Masks Enforced,-2638,0,3825
2020-01-09,9,1,2020,0,0,United_Kingdom,UK,GBR,66647112,Europe,,0,0,0,Social Distancing and Wearing Masks Enforced,-1071,0,2754
2020-01-08,8,1,2020,0,0,United_Kingdom,UK,GBR,66647112,Europe,,0,0,0,Social Distancing and Wearing Masks Enforced,733,733,3487
2020-01-07,7,1,2020,0,0,United_Kingdom,UK,GBR,66647112,Europe,,0,0,0,Social Distancing and Wearing Masks Enforced,2325,2325,5812
2020-01-06,6,1,2020,0,0,United_Kingdom,UK,GBR,66647112,Europe,,0,0,0,Social Distancing and Wearing Masks Enforced,736,736,6548
2020-01-05,5,1,2020,0,0,United_Kingdom,UK,GBR,66647112,Europe,,0,0,0,Social Distancing and Wearing Masks Enforced,440,440,6988
2020-01-04,4,1,2020,0,0,United_Kingdom,UK,GBR,66647112,Europe,,0,0,0,Social Distancing and Wearing Masks Enforced,355,355,7343
2020-01-03,3,1,2020,0,0,United_Kingdom,UK,GBR,66647112,Europe,,0,0,0,Social Distancing and Wearing Masks Enforced,-2480,0,4863
2020-01-02,2,1,2020,0,0,United_Kingdom,UK,GBR,66647112,Europe,,0,0,0,Social Distancing and Wearing Masks Enforced,-3063,0,1800
2020-01-01,1,1,2020,0,0,United_Kingdom,UK,GBR,66647112,Europe,,0,0,0,Social Distancing and Wearing Masks Enforced,1519,1519,3319
2019-12-31,31,12,2019,0,0,United_Kingdom,UK,GBR,66647112,Europe,,0,0,0,Social Distancing and Wearing Masks Enforced,-3319,0,0
,,,,,,,,,,,,,,,,,,
